0.0,0.0,0.0,18.0,0.0,0.0,0.0,0.0,0.0,0.0,0.0,0.1,0.0,0.0
0.05,0.9,0.0,18.0,0.0,0.0,0.0,0.0,0.0,0.0,0.0,0.2,0.0,0.0
0.1,1.8,0.0,18.0,0.0,0.0,0.0,0.0,0.0,0.0,0.0,0.30000000000000004,0.0,0.0
0.15000000000000002,2.7,0.0,18.0,0.0,0.0,0.0,0.0,0.0,0.0,0.0,0.4,0.0,0.0
0.2,3.6,0.0,18.0,0.0,0.0,0.0,0.0,0.0,0.0,0.0,0.5,0.0,0.0
0.25,4.5,0.0,18.0,0.0,0.0,0.0,0.0,0.0,0.0,0.0,0.6000000000000001,0.0,0.0
0.30000000000000004,5.4,0.0,18.0,0.0,0.0,0.0,0.0,0.0,0.0,0.0,0.7000000000000001,0.0,0.0
0.35000000000000003,6.300000000000001,0.0,18.0,0.0,0.0,0.0,0.0,0.0,0.0,0.0,0.8,0.0,0.0
0.4,7.200000000000001,0.0,18.0,0.0,0.0,0.0,0.0,0.0,0.0,0.0,0.9,0.0,0.0
0.45,8.100000000000001,0.0,18.0,0.0,0.0,0.0,0.0,0.0,0.0,0.0,1.0,0.0,0.0
0.5,9.000000000000002,0.0,18.0,0.0,0.0,0.0,0.0,0.0,0.0,0.0,1.1,0.0,0.0
0.55,9.900000000000002,0.0,18.0,0.0,0.0,0.0,0.0,0.0,0.0,0.0,1.2000000000000002,0.0,0.0
0.6000000000000001,10.800000000000002,0.0,18.0,0.0,0.0,0.0,0.0,0.0,0.0,0.0,1.3,0.0,0.0
0.65,11.700000000000003,0.0,18.0,0.0,0.0,0.0,0.0,0.0,0.0,0.0,1.4,0.0,0.0
0.7000000000000001,12.600000000000003,0.0,18.0,0.0,0.0,0.0,0.0,0.0,0.0,0.0,1.5,0.0,0.0
0.75,13.500000000000004,0.0,18.0,0.0,0.0,0.0,0.0,0.0,0.0,0.0,1.6,0.0,0.0
0.8,14.400000000000004,0.0,18.0,0.0,0.0,0.0,0.0,0.0,0.0,0.0,1.7000000000000002,0.0,0.0
0.8500000000000001,15.300000000000004,0.0,18.0,0.0,0.0,0.0,0.0,0.0,0.0,0.0,1.8,0.0,0.0
0.9,16.200000000000003,0.0,18.0,0.0,0.0,0.0,0.0,0.0,0.0,0.0,1.9,0.0,0.0
0.9500000000000001,17.1,0.0,18.0,0.0,0.0,0.0,0.0,0.0,0.0,0.0,2.0,0.0,0.0
1.0,18.0,0.0,18.0,0.0,0.0,0.0,0.0,0.0,0.0,0.0,2.1,0.0,0.0
1.05,18.9,0.0,18.0,0.0,0.0,0.0,0.0,0.0,0.0,0.0,2.2,0.0,0.0
1.1,19.799999999999997,0.0,18.0,0.0,0.0,0.0,0.0,0.0,0.0,0.0,2.3000000000000003,0.0,0.0
1.1500000000000001,20.699999999999996,0.0,18.0,0.0,0.0,0.0,0.0,0.0,0.0,0.0,2.4000000000000004,0.0,0.0
1.2000000000000002,21.599999999999994,0.0,18.0,0.0,0.0,0.0,0.0,0.0,0.0,0.0,2.5,0.0,0.0
1.25,22.499999999999993,0.0,18.0,0.0,0.0,0.0,0.0,0.0,0.0,0.0,2.6,0.0,0.0
1.3,23.39999999999999,0.0,18.0,0.0,0.0,0.0,0.0,0.0,0.0,0.0,2.7,0.0,0.0
1.35,24.29999999999999,0.0,18.0,0.0,0.0,0.0,0.0,0.0,0.0,0.0,2.8000000000000003,0.0,0.0
1.4000000000000001,25.19999999999999,0.0,18.0,0.0,0.0,0.0,0.0,0.0,0.0,0.0,2.9000000000000004,0.0,0.0
1.4500000000000002,26.099999999999987,0.0,18.0,0.0,0.0,0.0,0.0,0.0,0.0,0.0,3.0,0.0,0.0
1.5,26.999999999999986,0.0,18.0,0.0,0.0,0.0,0.0,0.0,0.0,0.0,3.1,0.0,0.0
1.55,27.899999999999984,0.0,18.0,0.0,0.0,0.0,0.0,0.0,0.0,0.0,3.2,0.0,0.0
1.6,28.799999999999983,0.0,18.0,0.0,0.0,0.0,0.0,0.0,0.0,0.0,3.3000000000000003,0.0,0.0
1.6500000000000001,29.69999999999998,0.0,18.0,0.0,0.0,0.0,0.0,0.0,0.0,0.0,3.4000000000000004,0.0,0.0
1.7000000000000002,30.59999999999998,0.0,18.0,0.0,0.0,0.0,0.0,0.0,0.0,0.0,3.5,0.0,0.0
1.75,31.49999999999998,0.0,18.0,0.0,0.0,0.0,0.0,0.0,0.0,0.0,3.6,0.0,0.0
1.8,32.39999999999998,0.0,18.0,0.0,0.0,0.0,0.0,0.0,0.0,0.0,3.7,0.0,0.0
1.85,33.299999999999976,0.0,18.0,0.0,0.0,0.0,0.0,0.0,0.0,0.0,3.8,0.0,0.0
1.9000000000000001,34.199999999999974,0.0,18.0,0.0,0.0,0.0,0.0,0.0,0.0,0.0,3.9,0.0,0.0
1.9500000000000002,35.09999999999997,0.0,18.0,0.0,0.0,0.0,0.0,0.0,0.0,0.0,4.0,0.0,0.0
2.0,35.99999999999997,0.0,18.0,0.0,0.0,0.0,0.0,0.0,0.0,0.0,4.1000000000000005,0.0,0.0
2.0500000000000003,36.89999999999997,0.0,18.0,0.0,0.0,0.0,0.0,0.0,0.0,0.0,4.2,0.0,0.0
2.1,37.79999999999997,0.0,18.0,0.0,0.0,0.0,0.0,0.0,0.0,0.0,4.3,0.0,0.0
2.15,38.69999999999997,0.0,18.0,0.0,0.0,0.0,0.0,0.0,0.0,0.0,4.4,0.0,0.0
2.2,39.599999999999966,0.0,18.0,0.0,0.0,0.0,0.0,0.0,0.0,0.0,4.5,0.0,0.0
2.25,40.499999999999964,0.0,18.0,0.0,0.0,0.0,0.0,0.0,0.0,0.0,4.6000000000000005,0.0,0.0
2.3000000000000003,41.39999999999996,0.0,18.0,0.0,0.0,0.0,0.0,0.0,0.0,0.0,4.7,0.0,0.0
2.35,42.29999999999996,0.0,18.0,0.0,0.0,0.0,0.0,0.0,0.0,0.0,4.800000000000002,0.0,0.0
2.4000000000000004,43.19999999999996,0.0,18.0,0.0,0.0,0.0,0.0,0.0,0.0,0.0,4.9,0.0,0.0
2.45,44.09999999999996,0.0,18.0,0.0,0.0,0.0,0.0,0.0,0.0,0.0,5.0,0.0,0.0
2.5,44.99999999999996,0.0,18.0,0.0,0.0,0.0,0.0,0.0,0.0,0.0,5.1000000000000005,0.0,0.0
2.5500000000000003,45.899999999999956,0.0,18.0,0.0,0.0,0.0,0.0,0.0,0.0,0.0,5.2,0.0,0.0
2.6,46.799999999999955,0.0,18.0,0.0,0.0,0.0,0.0,0.0,0.0,0.0,5.300000000000002,0.0,0.0
2.6500000000000004,47.69999999999995,0.0,18.0,0.0,0.0,0.0,0.0,0.0,0.0,0.0,5.4,0.0,0.0
2.7,48.59999999999995,0.0,18.0,0.0,0.0,0.0,0.0,0.0,0.0,0.0,5.5,0.0,0.0
2.75,49.49999999999995,0.0,18.0,0.0,0.0,0.0,0.0,0.0,0.0,0.0,5.6000000000000005,0.0,0.0
2.8000000000000003,50.39999999999995,0.0,18.0,0.0,0.0,0.0,0.0,0.0,0.0,0.0,5.7,0.0,0.0
2.85,51.29999999999995,0.0,18.0,0.0,0.0,0.0,0.0,0.0,0.0,0.0,5.800000000000002,0.0,0.0
2.9000000000000004,52.199999999999946,0.0,18.0,0.0,0.0,0.0,0.0,0.0,0.0,0.0,5.9,0.0,0.0
2.95,53.099999999999945,0.0,18.0,0.0,0.0,0.0,0.0,0.0,0.0,0.0,6.0,0.0,0.0
3.0,53.99999999999994,0.0,18.0,0.0,0.0,0.0,0.0,0.0,0.0,0.0,6.1000000000000005,0.0,0.0
3.0500000000000003,54.89999999999994,0.0,18.0,0.0,0.0,0.0,0.0,0.0,0.0,0.0,6.2,0.0,0.0
3.1,55.79999999999994,0.0,18.0,0.0,0.0,0.0,0.0,0.0,0.0,0.0,6.300000000000002,0.0,0.0
3.1500000000000004,56.69999999999994,0.0,18.0,0.0,0.0,0.0,0.0,0.0,0.0,0.0,6.4,0.0,0.0
3.2,57.59999999999994,0.0,18.0,0.0,0.0,0.0,0.0,0.0,0.0,0.0,6.5,0.0,0.0
3.25,58.499999999999936,0.0,18.0,0.0,0.0,0.0,0.0,0.0,0.0,0.0,6.6000000000000005,0.0,0.0
3.3000000000000003,59.399999999999935,0.0,18.0,0.0,0.0,0.0,0.0,0.0,0.0,0.0,6.7,0.0,0.0
3.35,60.29999999999993,0.0,18.0,0.0,0.0,0.0,0.0,0.0,0.0,0.0,6.800000000000002,0.0,0.0
3.4000000000000004,61.19999999999993,0.0,18.0,0.0,0.0,0.0,0.0,0.0,0.0,0.0,6.9,0.0,0.0
3.45,62.09999999999993,0.0,18.0,0.0,0.0,0.0,0.0,0.0,0.0,0.0,7.0,0.0,0.0
3.5,62.99999999999993,0.0,18.0,0.0,0.0,0.0,0.0,0.0,0.0,0.0,7.1000000000000005,0.0,0.0
3.5500000000000003,63.89999999999993,0.0,18.0,0.0,0.0,0.0,0.0,0.0,0.0,0.0,7.2,0.0,0.0
3.6,64.79999999999993,0.0,18.0,0.0,0.0,0.0,0.0,0.0,0.0,0.0,7.300000000000002,0.0,0.0
3.6500000000000004,65.69999999999993,0.0,18.0,0.0,0.0,0.0,0.0,0.0,0.0,0.0,7.4,0.0,0.0
3.7,66.59999999999994,0.0,18.0,0.0,0.0,0.0,0.0,0.0,0.0,0.0,7.5,0.0,0.0
3.75,67.49999999999994,0.0,18.0,0.0,0.0,0.0,0.0,0.0,0.0,0.0,7.6,0.0,0.0
3.8000000000000003,68.39999999999995,0.0,18.0,0.0,0.0,0.0,0.0,0.0,0.0,0.0,7.7,0.0,0.0
3.85,69.29999999999995,0.0,18.0,0.0,0.0,0.0,0.0,0.0,0.0,0.0,7.800000000000002,0.0,0.0
3.9000000000000004,70.19999999999996,0.0,18.0,0.0,0.0,0.0,0.0,0.0,0.0,0.0,7.9,0.0,0.0
3.95,71.09999999999997,0.0,18.0,0.0,0.0,0.0,0.0,0.0,0.0,0.0,8.0,0.0,0.0
4.0,71.99999999999997,0.0,18.0,0.0,0.0,0.0,0.0,0.0,0.0,0.0,8.1,0.0,0.0
4.05,72.89999999999998,0.0,18.0,0.0,0.0,0.0,0.0,0.0,0.0,0.0,8.200000000000001,0.0,0.0
4.1000000000000005,73.79999999999998,0.0,18.0,0.0,0.0,0.0,0.0,0.0,0.0,0.0,8.3,0.0,0.0
4.15,74.69999999999999,0.0,18.0,0.0,0.0,0.0,0.0,0.0,0.0,0.0,8.4,0.0,0.0
4.2,75.6,0.0,18.0,0.0,0.0,0.0,0.0,0.0,0.0,0.0,8.5,0.0,0.0
4.25,76.5,0.0,18.0,0.0,0.0,0.0,0.0,0.0,0.0,0.0,8.6,0.0,0.0
4.3,77.4,0.0,18.0,0.0,0.0,0.0,0.0,0.0,0.0,0.0,8.700000000000001,0.0,0.0
4.3500000000000005,78.30000000000001,0.0,18.0,0.0,0.0,0.0,0.0,0.0,0.0,0.0,8.8,0.0,0.0
4.4,79.20000000000002,0.0,18.0,0.0,0.0,0.0,0.0,0.0,0.0,0.0,8.9,0.0,0.0
4.45,80.10000000000002,0.0,18.0,0.0,0.0,0.0,0.0,0.0,0.0,0.0,9.0,0.0,0.0
4.5,81.00000000000003,0.0,18.0,0.0,0.0,0.0,0.0,0.0,0.0,0.0,9.1,0.0,0.0
4.55,81.90000000000003,0.0,18.0,0.0,0.0,0.0,0.0,0.0,0.0,0.0,9.2,0.0,0.0
4.6000000000000005,82.80000000000004,0.0,18.0,0.0,0.0,0.0,0.0,0.0,0.0,0.0,9.3,0.0,0.0
4.65,83.70000000000005,0.0,18.0,0.0,0.0,0.0,0.0,0.0,0.0,0.0,9.4,0.0,0.0
4.7,84.60000000000005,0.0,18.0,0.0,0.0,0.0,0.0,0.0,0.0,0.0,9.5,0.0,0.0
4.75,85.50000000000006,0.0,18.0,0.0,0.0,0.0,0.0,0.0,0.0,0.0,9.6,0.0,0.0
4.800000000000001,86.40000000000006,0.0,18.0,0.0,0.0,0.0,0.0,0.0,0.0,0.0,9.7,0.0,0.0
4.8500000000000005,87.30000000000007,0.0,18.0,0.0,0.0,0.0,0.0,0.0,0.0,0.0,9.8,0.0,0.0
4.9,88.20000000000007,0.0,18.0,0.0,0.0,0.0,0.0,0.0,0.0,0.0,9.9,0.0,0.0
4.95,89.10000000000008,0.0,18.0,0.0,0.0,0.0,0.0,0.0,0.0,0.0,10.0,0.0,0.0
5.0,90.00000000000009,0.0,18.0,0.0,0.0,0.0,0.0,0.0,0.0,0.0,10.1,0.0,0.0
5.050000000000001,90.90000000000009,0.0,18.0,0.0,0.0,0.0,0.0,0.0,0.0,0.0,10.2,0.0,0.0
5.1000000000000005,91.8000000000001,0.0,18.0,0.0,0.0,0.0,0.0,0.0,0.0,0.0,10.3,0.0,0.0
5.15,92.7000000000001,0.0,18.0,0.0,0.0,0.0,0.0,0.0,0.0,0.0,10.4,0.0,0.0
5.2,93.60000000000011,0.0,18.0,0.0,0.0,0.0,0.0,0.0,0.0,0.0,10.5,0.0,0.0
5.25,94.50000000000011,0.0,18.0,0.0,0.0,0.0,0.0,0.0,0.0,0.0,10.6,0.0,0.0
5.300000000000001,95.40000000000012,0.0,18.0,0.0,0.0,0.0,0.0,0.0,0.0,0.0,10.7,0.0,0.0
5.3500000000000005,96.30000000000013,0.0,18.0,0.0,0.0,0.0,0.0,0.0,0.0,0.0,10.8,0.0,0.0
5.4,97.20000000000013,0.0,18.0,0.0,0.0,0.0,0.0,0.0,0.0,0.0,10.9,0.0,0.0
5.45,98.10000000000014,0.0,18.0,0.0,0.0,0.0,0.0,0.0,0.0,0.0,11.0,0.0,0.0
5.5,99.00000000000014,0.0,18.0,0.0,0.0,0.0,0.0,0.0,0.0,0.0,11.1,0.0,0.0
5.550000000000001,99.90000000000015,0.0,18.0,0.0,0.0,0.0,0.0,0.0,0.0,0.0,11.2,0.0,0.0
5.6000000000000005,100.80000000000015,0.0,18.0,0.0,0.0,0.0,0.0,0.0,0.0,0.0,11.3,0.0,0.0
5.65,101.70000000000016,0.0,18.0,0.0,0.0,0.0,0.0,0.0,0.0,0.0,11.4,0.0,0.0
5.7,102.60000000000016,0.0,18.0,0.0,0.0,0.0,0.0,0.0,0.0,0.0,11.5,0.0,0.0
5.75,103.50000000000017,0.0,18.0,0.0,0.0,0.0,0.0,0.0,0.0,0.0,11.6,0.0,0.0
5.800000000000001,104.40000000000018,0.0,18.0,0.0,0.0,0.0,0.0,0.0,0.0,0.0,11.7,0.0,0.0
5.8500000000000005,105.30000000000018,0.0,18.0,0.0,0.0,0.0,0.0,0.0,0.0,0.0,11.8,0.0,0.0
5.9,106.20000000000019,0.0,18.0,0.0,0.0,0.0,0.0,0.0,0.0,0.0,11.9,0.0,0.0
5.95,107.1000000000002,0.0,18.0,0.0,0.0,0.0,0.0,0.0,0.0,0.0,12.0,0.0,0.0
6.0,108.0000000000002,0.0,18.0,0.0,0.0,0.0,0.0,0.0,0.0,0.0,12.1,0.0,0.0
6.050000000000001,108.9000000000002,0.0,18.0,0.0,0.0,0.0,0.0,0.0,0.0,0.0,12.2,0.0,0.0
6.1000000000000005,109.80000000000021,0.0,18.0,0.0,0.0,0.0,0.0,0.0,0.0,0.0,12.3,0.0,0.0
6.15,110.70000000000022,0.0,18.0,0.0,0.0,0.0,0.0,0.0,0.0,0.0,12.4,0.0,0.0
6.2,111.60000000000022,0.0,18.0,0.0,0.0,0.0,0.0,0.0,0.0,0.0,12.5,0.0,0.0
6.25,112.50000000000023,0.0,18.0,0.0,0.0,0.0,0.0,0.0,0.0,0.0,12.6,0.0,0.0
6.300000000000001,113.40000000000023,0.0,18.0,0.0,0.0,0.0,0.0,0.0,0.0,0.0,12.7,0.0,0.0
6.3500000000000005,114.30000000000024,0.0,18.0,0.0,0.0,0.0,0.0,0.0,0.0,0.0,12.8,0.0,0.0
6.4,115.20000000000024,0.0,18.0,0.0,0.0,0.0,0.0,0.0,0.0,0.0,12.9,0.0,0.0
6.45,116.10000000000025,0.0,18.0,0.0,0.0,0.0,0.0,0.0,0.0,0.0,13.0,0.0,0.0
6.5,117.00000000000026,0.0,18.0,0.0,0.0,0.0,0.0,0.0,0.0,0.0,13.1,0.0,0.0
6.550000000000001,117.90000000000026,0.0,18.0,0.0,0.0,0.0,0.0,0.0,0.0,0.0,13.2,0.0,0.0
6.6000000000000005,118.80000000000027,0.0,18.0,0.0,0.0,0.0,0.0,0.0,0.0,0.0,13.3,0.0,0.0
6.65,119.70000000000027,0.0,18.0,0.0,0.0,0.0,0.0,0.0,0.0,0.0,13.4,0.0,0.0
6.7,120.60000000000028,0.0,18.0,0.0,0.0,0.0,0.0,0.0,0.0,0.0,13.5,0.0,0.0
6.75,121.50000000000028,0.0,18.0,0.0,0.0,0.0,0.0,0.0,0.0,0.0,13.6,0.0,0.0
6.800000000000001,122.40000000000029,0.0,18.0,0.0,0.0,0.0,0.0,0.0,0.0,0.0,13.7,0.0,0.0
6.8500000000000005,123.3000000000003,0.0,18.0,0.0,0.0,0.0,0.0,0.0,0.0,0.0,13.8,0.0,0.0
6.9,124.2000000000003,0.0,18.0,0.0,0.0,0.0,0.0,0.0,0.0,0.0,13.9,0.0,0.0
6.95,125.1000000000003,0.0,18.0,0.0,0.0,0.0,0.0,0.0,0.0,0.0,14.0,0.0,0.0
7.0,126.00000000000031,0.0,18.0,0.0,0.0,0.0,0.0,0.0,0.0,0.0,14.1,0.0,0.0
7.050000000000001,126.90000000000032,0.0,18.0,0.0,0.0,0.0,0.0,0.0,0.0,0.0,14.2,0.0,0.0
7.1000000000000005,127.80000000000032,0.0,18.0,0.0,0.0,0.0,0.0,0.0,0.0,0.0,14.3,0.0,0.0
7.15,128.70000000000033,0.0,18.0,0.0,0.0,0.0,0.0,0.0,0.0,0.0,14.4,0.0,0.0
7.2,129.60000000000034,0.0,18.0,0.0,0.0,0.0,0.0,0.0,0.0,0.0,14.5,0.0,0.0
7.25,130.50000000000034,0.0,18.0,0.0,0.0,0.0,0.0,0.0,0.0,0.0,14.6,0.0,0.0
7.300000000000001,131.40000000000035,0.0,18.0,0.0,0.0,0.0,0.0,0.0,0.0,0.0,14.7,0.0,0.0
7.3500000000000005,132.30000000000035,0.0,18.0,0.0,0.0,0.0,0.0,0.0,0.0,0.0,14.8,0.0,0.0
7.4,133.20000000000036,0.0,18.0,0.0,0.0,0.0,0.0,0.0,0.0,0.0,14.9,0.0,0.0
7.45,134.10000000000036,0.0,18.0,0.0,0.0,0.0,0.0,0.0,0.0,0.0,15.0,0.0,0.0
7.5,135.00000000000037,0.0,18.0,0.0,0.0,0.0,0.0,0.0,0.0,0.0,15.1,0.0,0.0
7.550000000000001,135.90000000000038,0.0,18.0,0.0,0.0,0.0,0.0,0.0,0.0,0.0,15.2,0.0,0.0
7.6000000000000005,136.80000000000038,0.0,18.0,0.0,0.0,0.0,0.0,0.0,0.0,0.0,15.3,0.0,0.0
7.65,137.7000000000004,0.0,18.0,0.0,0.0,0.0,0.0,0.0,0.0,0.0,15.4,0.0,0.0
7.7,138.6000000000004,0.0,18.0,0.0,0.0,0.0,0.0,0.0,0.0,0.0,15.5,0.0,0.0
7.75,139.5000000000004,0.0,18.0,0.0,0.0,0.0,0.0,0.0,0.0,0.0,15.6,0.0,0.0
7.800000000000001,140.4000000000004,0.0,18.0,0.0,0.0,0.0,0.0,0.0,0.0,0.0,15.7,0.0,0.0
7.8500000000000005,141.3000000000004,0.0,18.0,0.0,0.0,0.0,0.0,0.0,0.0,0.0,15.8,0.0,0.0
7.9,142.20000000000041,0.0,18.0,0.0,0.0,0.0,0.0,0.0,0.0,0.0,15.9,0.0,0.0
7.95,143.10000000000042,0.0,18.0,0.0,0.0,0.0,0.0,0.0,0.0,0.0,16.0,0.0,0.0
8.0,144.00000000000043,0.0,18.0,0.0,0.0,0.0,0.0,0.0,0.0,0.0,16.1,0.0,0.0
8.05,144.90000000000043,0.0,18.0,0.0,0.0,0.0,0.0,0.0,0.0,0.0,16.2,0.0,0.0
8.1,145.80000000000044,0.0,18.0,0.0,0.0,0.0,0.0,0.0,0.0,0.0,16.3,0.0,0.0
8.15,146.70000000000044,0.0,18.0,0.0,0.0,0.0,0.0,0.0,0.0,0.0,16.400000000000002,0.0,0.0
8.200000000000001,147.60000000000045,0.0,18.0,0.0,0.0,0.0,0.0,0.0,0.0,0.0,16.5,0.0,0.0
8.25,148.50000000000045,0.0,18.0,0.0,0.0,0.0,0.0,0.0,0.0,0.0,16.6,0.0,0.0
8.3,149.40000000000046,0.0,18.0,0.0,0.0,0.0,0.0,0.0,0.0,0.0,16.7,0.0,0.0
8.35,150.30000000000047,0.0,18.0,0.0,0.0,0.0,0.0,0.0,0.0,0.0,16.8,0.0,0.0
8.4,151.20000000000047,0.0,18.0,0.0,0.0,0.0,0.0,0.0,0.0,0.0,16.900000000000002,0.0,0.0
8.450000000000001,152.10000000000048,0.0,18.0,0.0,0.0,0.0,0.0,0.0,0.0,0.0,17.0,0.0,0.0
8.5,153.00000000000048,0.0,18.0,0.0,0.0,0.0,0.0,0.0,0.0,0.0,17.1,0.0,0.0
8.55,153.9000000000005,0.0,18.0,0.0,0.0,0.0,0.0,0.0,0.0,0.0,17.2,0.0,0.0
8.6,154.8000000000005,0.0,18.0,0.0,0.0,0.0,0.0,0.0,0.0,0.0,17.3,0.0,0.0
8.65,155.7000000000005,0.0,18.0,0.0,0.0,0.0,0.0,0.0,0.0,0.0,17.400000000000002,0.0,0.0
8.700000000000001,156.6000000000005,0.0,18.0,0.0,0.0,0.0,0.0,0.0,0.0,0.0,17.5,0.0,0.0
8.75,157.5000000000005,0.0,18.0,0.0,0.0,0.0,0.0,0.0,0.0,0.0,17.6,0.0,0.0
8.8,158.40000000000052,0.0,18.0,0.0,0.0,0.0,0.0,0.0,0.0,0.0,17.7,0.0,0.0
8.85,159.30000000000052,0.0,18.0,0.0,0.0,0.0,0.0,0.0,0.0,0.0,17.8,0.0,0.0
8.9,160.20000000000053,0.0,18.0,0.0,0.0,0.0,0.0,0.0,0.0,0.0,17.900000000000006,0.0,0.0
8.950000000000001,161.10000000000053,0.0,18.0,0.0,0.0,0.0,0.0,0.0,0.0,0.0,18.0,0.0,0.0
9.0,162.00000000000054,0.0,18.0,0.0,0.0,0.0,0.0,0.0,0.0,0.0,18.1,0.0,0.0
9.05,162.90000000000055,0.0,18.0,0.0,0.0,0.0,0.0,0.0,0.0,0.0,18.2,0.0,0.0
9.1,163.80000000000055,0.0,18.0,0.0,0.0,0.0,0.0,0.0,0.0,0.0,18.3,0.0,0.0
9.15,164.70000000000056,0.0,18.0,0.0,0.0,0.0,0.0,0.0,0.0,0.0,18.4,0.0,0.0
9.200000000000001,165.60000000000056,0.0,18.0,0.0,0.0,0.0,0.0,0.0,0.0,0.0,18.5,0.0,0.0
9.25,166.50000000000057,0.0,18.0,0.0,0.0,0.0,0.0,0.0,0.0,0.0,18.6,0.0,0.0
9.3,167.40000000000057,0.0,18.0,0.0,0.0,0.0,0.0,0.0,0.0,0.0,18.7,0.0,0.0
9.35,168.30000000000058,0.0,18.0,0.0,0.0,0.0,0.0,0.0,0.0,0.0,18.8,0.0,0.0
9.4,169.20000000000059,0.0,18.0,0.0,0.0,0.0,0.0,0.0,0.0,0.0,18.9,0.0,0.0
9.450000000000001,170.1000000000006,0.0,18.0,0.0,0.0,0.0,0.0,0.0,0.0,0.0,19.0,0.0,0.0
9.5,171.0000000000006,0.0,18.0,0.0,0.0,0.0,0.0,0.0,0.0,0.0,19.1,0.0,0.0
9.55,171.9000000000006,0.0,18.0,0.0,0.0,0.0,0.0,0.0,0.0,0.0,19.200000000000006,0.0,0.0
9.600000000000001,172.8000000000006,0.0,18.0,0.0,0.0,0.0,0.0,0.0,0.0,0.0,19.3,0.0,0.0
9.65,173.7000000000006,0.0,18.0,0.0,0.0,0.0,0.0,0.0,0.0,0.0,19.4,0.0,0.0
9.700000000000001,174.60000000000062,0.0,18.0,0.0,0.0,0.0,0.0,0.0,0.0,0.0,19.5,0.0,0.0
9.75,175.50000000000063,0.0,18.0,0.0,0.0,0.0,0.0,0.0,0.0,0.0,19.6,0.0,0.0
9.8,176.40000000000063,0.0,18.0,0.0,0.0,0.0,0.0,0.0,0.0,0.0,19.700000000000006,0.0,0.0
9.850000000000001,177.30000000000064,0.0,18.0,0.0,0.0,0.0,0.0,0.0,0.0,0.0,19.8,0.0,0.0
9.9,178.20000000000064,0.0,18.0,0.0,0.0,0.0,0.0,0.0,0.0,0.0,19.9,0.0,0.0
9.950000000000001,179.10000000000065,0.0,18.0,0.0,0.0,0.0,0.0,0.0,0.0,0.0,20.0,0.0,0.0
10.0,180.00000000000065,0.0,18.0,0.0,0.0,0.0,0.0,0.0,0.0,0.0,20.1,0.0,0.0
10.05,180.90000000000066,0.0,18.0,0.0,0.0,0.0,0.0,0.0,0.0,0.0,20.200000000000006,0.0,0.0
10.100000000000001,181.80000000000067,0.0,18.0,0.0,0.0,0.0,0.0,0.0,0.0,0.0,20.3,0.0,0.0
10.15,182.70000000000067,0.0,18.0,0.0,0.0,0.0,0.0,0.0,0.0,0.0,20.4,0.0,0.0
10.200000000000001,183.60000000000068,0.0,18.0,0.0,0.0,0.0,0.0,0.0,0.0,0.0,20.5,0.0,0.0
10.25,184.50000000000068,0.0,18.0,0.0,0.0,0.0,0.0,0.0,0.0,0.0,20.6,0.0,0.0
10.3,185.4000000000007,0.0,18.0,0.0,0.0,0.0,0.0,0.0,0.0,0.0,20.700000000000006,0.0,0.0
10.350000000000001,186.3000000000007,0.0,18.0,0.0,0.0,0.0,0.0,0.0,0.0,0.0,20.8,0.0,0.0
10.4,187.2000000000007,0.0,18.0,0.0,0.0,0.0,0.0,0.0,0.0,0.0,20.9,0.0,0.0
10.450000000000001,188.1000000000007,0.0,18.0,0.0,0.0,0.0,0.0,0.0,0.0,0.0,21.0,0.0,0.0
10.5,189.0000000000007,0.0,18.0,0.0,0.0,0.0,0.0,0.0,0.0,0.0,21.1,0.0,0.0
10.55,189.90000000000072,0.0,18.0,0.0,0.0,0.0,0.0,0.0,0.0,0.0,21.200000000000006,0.0,0.0
10.600000000000001,190.80000000000072,0.0,18.0,0.0,0.0,0.0,0.0,0.0,0.0,0.0,21.3,0.0,0.0
10.65,191.70000000000073,0.0,18.0,0.0,0.0,0.0,0.0,0.0,0.0,0.0,21.4,0.0,0.0
10.700000000000001,192.60000000000073,0.0,18.0,0.0,0.0,0.0,0.0,0.0,0.0,0.0,21.5,0.0,0.0
10.75,193.50000000000074,0.0,18.0,0.0,0.0,0.0,0.0,0.0,0.0,0.0,21.6,0.0,0.0
10.8,194.40000000000074,0.0,18.0,0.0,0.0,0.0,0.0,0.0,0.0,0.0,21.700000000000006,0.0,0.0
10.850000000000001,195.30000000000075,0.0,18.0,0.0,0.0,0.0,0.0,0.0,0.0,0.0,21.8,0.0,0.0
10.9,196.20000000000076,0.0,18.0,0.0,0.0,0.0,0.0,0.0,0.0,0.0,21.9,0.0,0.0
10.950000000000001,197.10000000000076,0.0,18.0,0.0,0.0,0.0,0.0,0.0,0.0,0.0,22.0,0.0,0.0
11.0,198.00000000000077,0.0,18.0,0.0,0.0,0.0,0.0,0.0,0.0,0.0,22.1,0.0,0.0
11.05,198.90000000000077,0.0,18.0,0.0,0.0,0.0,0.0,0.0,0.0,0.0,22.200000000000006,0.0,0.0
11.100000000000001,199.80000000000078,0.0,18.0,0.0,0.0,0.0,0.0,0.0,0.0,0.0,22.3,0.0,0.0
11.15,200.70000000000078,0.0,18.0,0.0,0.0,0.0,0.0,0.0,0.0,0.0,22.4,0.0,0.0
11.200000000000001,201.6000000000008,0.0,18.0,0.0,0.0,0.0,0.0,0.0,0.0,0.0,22.5,0.0,0.0
11.25,202.5000000000008,0.0,18.0,0.0,0.0,0.0,0.0,0.0,0.0,0.0,22.6,0.0,0.0
11.3,203.4000000000008,0.0,18.0,0.0,0.0,0.0,0.0,0.0,0.0,0.0,22.700000000000006,0.0,0.0
11.350000000000001,204.3000000000008,0.0,18.0,0.0,0.0,0.0,0.0,0.0,0.0,0.0,22.8,0.0,0.0
11.4,205.2000000000008,0.0,18.0,0.0,0.0,0.0,0.0,0.0,0.0,0.0,22.9,0.0,0.0
11.450000000000001,206.10000000000082,0.0,18.0,0.0,0.0,0.0,0.0,0.0,0.0,0.0,23.0,0.0,0.0
11.5,207.00000000000082,0.0,18.0,0.0,0.0,0.0,0.0,0.0,0.0,0.0,23.1,0.0,0.0
11.55,207.90000000000083,0.0,18.0,0.0,0.0,0.0,0.0,0.0,0.0,0.0,23.200000000000006,0.0,0.0
11.600000000000001,208.80000000000084,0.0,18.0,0.0,0.0,0.0,0.0,0.0,0.0,0.0,23.3,0.0,0.0
11.65,209.70000000000084,0.0,18.0,0.0,0.0,0.0,0.0,0.0,0.0,0.0,23.4,0.0,0.0
11.700000000000001,210.60000000000085,0.0,18.0,0.0,0.0,0.0,0.0,0.0,0.0,0.0,23.5,0.0,0.0
11.75,211.50000000000085,0.0,18.0,0.0,0.0,0.0,0.0,0.0,0.0,0.0,23.6,0.0,0.0
11.8,212.40000000000086,0.0,18.0,0.0,0.0,0.0,0.0,0.0,0.0,0.0,23.700000000000006,0.0,0.0
11.850000000000001,213.30000000000086,0.0,18.0,0.0,0.0,0.0,0.0,0.0,0.0,0.0,23.8,0.0,0.0
11.9,214.20000000000087,0.0,18.0,0.0,0.0,0.0,0.0,0.0,0.0,0.0,23.9,0.0,0.0
11.950000000000001,215.10000000000088,0.0,18.0,0.0,0.0,0.0,0.0,0.0,0.0,0.0,24.0,0.0,0.0
12.0,216.00000000000088,0.0,18.0,0.0,0.0,0.0,0.0,0.0,0.0,0.0,24.1,0.0,0.0
12.05,216.9000000000009,0.0,18.0,0.0,0.0,0.0,0.0,0.0,0.0,0.0,24.200000000000006,0.0,0.0
12.100000000000001,217.8000000000009,0.0,18.0,0.0,0.0,0.0,0.0,0.0,0.0,0.0,24.3,0.0,0.0
12.15,218.7000000000009,0.0,18.0,0.0,0.0,0.0,0.0,0.0,0.0,0.0,24.4,0.0,0.0
12.200000000000001,219.6000000000009,0.0,18.0,0.0,0.0,0.0,0.0,0.0,0.0,0.0,24.5,0.0,0.0
12.25,220.5000000000009,0.0,18.0,0.0,0.0,0.0,0.0,0.0,0.0,0.0,24.6,0.0,0.0
12.3,221.40000000000092,0.0,18.0,0.0,0.0,0.0,0.0,0.0,0.0,0.0,24.700000000000006,0.0,0.0
12.350000000000001,222.30000000000092,0.0,18.0,0.0,0.0,0.0,0.0,0.0,0.0,0.0,24.8,0.0,0.0
12.4,223.20000000000093,0.0,18.0,0.0,0.0,0.0,0.0,0.0,0.0,0.0,24.9,0.0,0.0
12.450000000000001,224.10000000000093,0.0,18.0,0.0,0.0,0.0,0.0,0.0,0.0,0.0,25.0,0.0,0.0
12.5,225.00000000000094,0.0,18.0,0.0,0.0,0.0,0.0,0.0,0.0,0.0,25.1,0.0,0.0
12.55,225.90000000000094,0.0,18.0,0.0,0.0,0.0,0.0,0.0,0.0,0.0,25.200000000000006,0.0,0.0
12.600000000000001,226.80000000000095,0.0,18.0,0.0,0.0,0.0,0.0,0.0,0.0,0.0,25.3,0.0,0.0
12.65,227.70000000000095,0.0,18.0,0.0,0.0,0.0,0.0,0.0,0.0,0.0,25.4,0.0,0.0
12.700000000000001,228.60000000000096,0.0,18.0,0.0,0.0,0.0,0.0,0.0,0.0,0.0,25.5,0.0,0.0
12.75,229.50000000000097,0.0,18.0,0.0,0.0,0.0,0.0,0.0,0.0,0.0,25.6,0.0,0.0
12.8,230.40000000000097,0.0,18.0,0.0,0.0,0.0,0.0,0.0,0.0,0.0,25.700000000000006,0.0,0.0
12.850000000000001,231.30000000000098,0.0,18.0,0.0,0.0,0.0,0.0,0.0,0.0,0.0,25.8,0.0,0.0
12.9,232.20000000000098,0.0,18.0,0.0,0.0,0.0,0.0,0.0,0.0,0.0,25.9,0.0,0.0
12.950000000000001,233.100000000001,0.0,18.0,0.0,0.0,0.0,0.0,0.0,0.0,0.0,26.0,0.0,0.0
13.0,234.000000000001,0.0,18.0,0.0,0.0,0.0,0.0,0.0,0.0,0.0,26.1,0.0,0.0
13.05,234.900000000001,0.0,18.0,0.0,0.0,0.0,0.0,0.0,0.0,0.0,26.200000000000006,0.0,0.0
13.100000000000001,235.800000000001,0.0,18.0,0.0,0.0,0.0,0.0,0.0,0.0,0.0,26.3,0.0,0.0
13.15,236.700000000001,0.0,18.0,0.0,0.0,0.0,0.0,0.0,0.0,0.0,26.4,0.0,0.0
13.200000000000001,237.60000000000102,0.0,18.0,0.0,0.0,0.0,0.0,0.0,0.0,0.0,26.5,0.0,0.0
13.25,238.50000000000102,0.0,18.0,0.0,0.0,0.0,0.0,0.0,0.0,0.0,26.6,0.0,0.0
13.3,239.40000000000103,0.0,18.0,0.0,0.0,0.0,0.0,0.0,0.0,0.0,26.700000000000006,0.0,0.0
13.350000000000001,240.30000000000103,0.0,18.0,0.0,0.0,0.0,0.0,0.0,0.0,0.0,26.8,0.0,0.0
13.4,241.20000000000104,0.0,18.0,0.0,0.0,0.0,0.0,0.0,0.0,0.0,26.9,0.0,0.0
13.450000000000001,242.10000000000105,0.0,18.0,0.0,0.0,0.0,0.0,0.0,0.0,0.0,27.0,0.0,0.0
13.5,243.00000000000105,0.0,18.0,0.0,0.0,0.0,0.0,0.0,0.0,0.0,27.1,0.0,0.0
13.55,243.90000000000106,0.0,18.0,0.0,0.0,0.0,0.0,0.0,0.0,0.0,27.200000000000006,0.0,0.0
13.600000000000001,244.80000000000106,0.0,18.0,0.0,0.0,0.0,0.0,0.0,0.0,0.0,27.3,0.0,0.0
13.65,245.70000000000107,0.0,18.0,0.0,0.0,0.0,0.0,0.0,0.0,0.0,27.4,0.0,0.0
13.700000000000001,246.60000000000107,0.0,18.0,0.0,0.0,0.0,0.0,0.0,0.0,0.0,27.5,0.0,0.0
13.75,247.50000000000108,0.0,18.0,0.0,0.0,0.0,0.0,0.0,0.0,0.0,27.6,0.0,0.0
13.8,248.40000000000109,0.0,18.0,0.0,0.0,0.0,0.0,0.0,0.0,0.0,27.700000000000006,0.0,0.0
13.850000000000001,249.3000000000011,0.0,18.0,0.0,0.0,0.0,0.0,0.0,0.0,0.0,27.8,0.0,0.0
13.9,250.2000000000011,0.0,18.0,0.0,0.0,0.0,0.0,0.0,0.0,0.0,27.9,0.0,0.0
13.950000000000001,251.1000000000011,0.0,18.0,0.0,0.0,0.0,0.0,0.0,0.0,0.0,28.0,0.0,0.0
14.0,252.0000000000011,0.0,18.0,0.0,0.0,0.0,0.0,0.0,0.0,0.0,28.1,0.0,0.0
14.05,252.9000000000011,0.0,18.0,0.0,0.0,0.0,0.0,0.0,0.0,0.0,28.200000000000006,0.0,0.0
14.100000000000001,253.80000000000112,0.0,18.0,0.0,0.0,0.0,0.0,0.0,0.0,0.0,28.3,0.0,0.0
14.15,254.70000000000113,0.0,18.0,0.0,0.0,0.0,0.0,0.0,0.0,0.0,28.4,0.0,0.0
14.200000000000001,255.60000000000113,0.0,18.0,0.0,0.0,0.0,0.0,0.0,0.0,0.0,28.5,0.0,0.0
14.25,256.50000000000114,0.0,18.0,0.0,0.0,0.0,0.0,0.0,0.0,0.0,28.6,0.0,0.0
14.3,257.4000000000011,0.0,18.0,0.0,0.0,0.0,0.0,0.0,0.0,0.0,28.700000000000006,0.0,0.0
14.350000000000001,258.3000000000011,0.0,18.0,0.0,0.0,0.0,0.0,0.0,0.0,0.0,28.8,0.0,0.0
14.4,259.20000000000107,0.0,18.0,0.0,0.0,0.0,0.0,0.0,0.0,0.0,28.9,0.0,0.0
14.450000000000001,260.10000000000105,0.0,18.0,0.0,0.0,0.0,0.0,0.0,0.0,0.0,29.0,0.0,0.0
14.5,261.000000000001,0.0,18.0,0.0,0.0,0.0,0.0,0.0,0.0,0.0,29.1,0.0,0.0
14.55,261.900000000001,0.0,18.0,0.0,0.0,0.0,0.0,0.0,0.0,0.0,29.200000000000006,0.0,0.0
14.600000000000001,262.800000000001,0.0,18.0,0.0,0.0,0.0,0.0,0.0,0.0,0.0,29.3,0.0,0.0
14.65,263.70000000000095,0.0,18.0,0.0,0.0,0.0,0.0,0.0,0.0,0.0,29.4,0.0,0.0
14.700000000000001,264.60000000000093,0.0,18.0,0.0,0.0,0.0,0.0,0.0,0.0,0.0,29.5,0.0,0.0
14.75,265.5000000000009,0.0,18.0,0.0,0.0,0.0,0.0,0.0,0.0,0.0,29.6,0.0,0.0
14.8,266.4000000000009,0.0,18.0,0.0,0.0,0.0,0.0,0.0,0.0,0.0,29.700000000000006,0.0,0.0
14.850000000000001,267.30000000000086,0.0,18.0,0.0,0.0,0.0,0.0,0.0,0.0,0.0,29.8,0.0,0.0
14.9,268.20000000000084,0.0,18.0,0.0,0.0,0.0,0.0,0.0,0.0,0.0,29.9,0.0,0.0
14.950000000000001,269.1000000000008,0.0,18.0,0.0,0.0,0.0,0.0,0.0,0.0,0.0,30.0,0.0,0.0
15.0,270.0000000000008,0.0,18.0,0.0,0.0,0.0,0.0,0.0,0.0,0.0,30.1,0.0,0.0
15.05,270.9000000000008,0.0,18.0,0.0,0.0,0.0,0.0,0.0,0.0,0.0,30.200000000000006,0.0,0.0
15.100000000000001,271.80000000000075,0.0,18.0,0.0,0.0,0.0,0.0,0.0,0.0,0.0,30.3,0.0,0.0
15.15,272.7000000000007,0.0,18.0,0.0,0.0,0.0,0.0,0.0,0.0,0.0,30.4,0.0,0.0
15.200000000000001,273.6000000000007,0.0,18.0,0.0,0.0,0.0,0.0,0.0,0.0,0.0,30.5,0.0,0.0
15.25,274.5000000000007,0.0,18.0,0.0,0.0,0.0,0.0,0.0,0.0,0.0,30.6,0.0,0.0
15.3,275.40000000000066,0.0,18.0,0.0,0.0,0.0,0.0,0.0,0.0,0.0,30.700000000000006,0.0,0.0
15.350000000000001,276.30000000000064,0.0,18.0,0.0,0.0,0.0,0.0,0.0,0.0,0.0,30.8,0.0,0.0
15.4,277.2000000000006,0.0,18.0,0.0,0.0,0.0,0.0,0.0,0.0,0.0,30.9,0.0,0.0
15.450000000000001,278.1000000000006,0.0,18.0,0.0,0.0,0.0,0.0,0.0,0.0,0.0,31.0,0.0,0.0
15.5,279.00000000000057,0.0,18.0,0.0,0.0,0.0,0.0,0.0,0.0,0.0,31.1,0.0,0.0
15.55,279.90000000000055,0.0,18.0,0.0,0.0,0.0,0.0,0.0,0.0,0.0,31.200000000000006,0.0,0.0
15.600000000000001,280.8000000000005,0.0,18.0,0.0,0.0,0.0,0.0,0.0,0.0,0.0,31.3,0.0,0.0
15.65,281.7000000000005,0.0,18.0,0.0,0.0,0.0,0.0,0.0,0.0,0.0,31.4,0.0,0.0
15.700000000000001,282.6000000000005,0.0,18.0,0.0,0.0,0.0,0.0,0.0,0.0,0.0,31.5,0.0,0.0
15.75,283.50000000000045,0.0,18.0,0.0,0.0,0.0,0.0,0.0,0.0,0.0,31.6,0.0,0.0
15.8,284.40000000000043,0.0,18.0,0.0,0.0,0.0,0.0,0.0,0.0,0.0,31.700000000000006,0.0,0.0
15.850000000000001,285.3000000000004,0.0,18.0,0.0,0.0,0.0,0.0,0.0,0.0,0.0,31.8,0.0,0.0
15.9,286.2000000000004,0.0,18.0,0.0,0.0,0.0,0.0,0.0,0.0,0.0,31.9,0.0,0.0
15.950000000000001,287.10000000000036,0.0,18.0,0.0,0.0,0.0,0.0,0.0,0.0,0.0,32.0,0.0,0.0
16.0,288.00000000000034,0.0,18.0,0.0,0.0,0.0,0.0,0.0,0.0,0.0,32.1,0.0,0.0
16.05,288.9000000000003,0.0,18.0,0.0,0.0,0.0,0.0,0.0,0.0,0.0,32.2,0.0,0.0
16.1,289.8000000000003,0.0,18.0,0.0,0.0,0.0,0.0,0.0,0.0,0.0,32.300000000000004,0.0,0.0
16.150000000000002,290.7000000000003,0.0,18.0,0.0,0.0,0.0,0.0,0.0,0.0,0.0,32.4,0.0,0.0
16.2,291.60000000000025,0.0,18.0,0.0,0.0,0.0,0.0,0.0,0.0,0.0,32.5,0.0,0.0
16.25,292.5000000000002,0.0,18.0,0.0,0.0,0.0,0.0,0.0,0.0,0.0,32.6,0.0,0.0
16.3,293.4000000000002,0.0,18.0,0.0,0.0,0.0,0.0,0.0,0.0,0.0,32.7,0.0,0.0
16.35,294.3000000000002,0.0,18.0,0.0,0.0,0.0,0.0,0.0,0.0,0.0,32.800000000000004,0.0,0.0
16.400000000000002,295.20000000000016,0.0,18.0,0.0,0.0,0.0,0.0,0.0,0.0,0.0,32.9,0.0,0.0
16.45,296.10000000000014,0.0,18.0,0.0,0.0,0.0,0.0,0.0,0.0,0.0,33.0,0.0,0.0
16.5,297.0000000000001,0.0,18.0,0.0,0.0,0.0,0.0,0.0,0.0,0.0,33.1,0.0,0.0
16.55,297.9000000000001,0.0,18.0,0.0,0.0,0.0,0.0,0.0,0.0,0.0,33.2,0.0,0.0
16.6,298.80000000000007,0.0,18.0,0.0,0.0,0.0,0.0,0.0,0.0,0.0,33.300000000000004,0.0,0.0
16.650000000000002,299.70000000000005,0.0,18.0,0.0,0.0,0.0,0.0,0.0,0.0,0.0,33.4,0.0,0.0
16.7,300.6,0.0,18.0,0.0,0.0,0.0,0.0,0.0,0.0,0.0,33.5,0.0,0.0
16.75,301.5,0.0,18.0,0.0,0.0,0.0,0.0,0.0,0.0,0.0,33.6,0.0,0.0
16.8,302.4,0.0,18.0,0.0,0.0,0.0,0.0,0.0,0.0,0.0,33.7,0.0,0.0
16.85,303.29999999999995,0.0,18.0,0.0,0.0,0.0,0.0,0.0,0.0,0.0,33.800000000000004,0.0,0.0
16.900000000000002,304.19999999999993,0.0,18.0,0.0,0.0,0.0,0.0,0.0,0.0,0.0,33.9,0.0,0.0
16.95,305.0999999999999,0.0,18.0,0.0,0.0,0.0,0.0,0.0,0.0,0.0,34.0,0.0,0.0
17.0,305.9999999999999,0.0,18.0,0.0,0.0,0.0,0.0,0.0,0.0,0.0,34.1,0.0,0.0
17.05,306.89999999999986,0.0,18.0,0.0,0.0,0.0,0.0,0.0,0.0,0.0,34.2,0.0,0.0
17.1,307.79999999999984,0.0,18.0,0.0,0.0,0.0,0.0,0.0,0.0,0.0,34.300000000000004,0.0,0.0
17.150000000000002,308.6999999999998,0.0,18.0,0.0,0.0,0.0,0.0,0.0,0.0,0.0,34.4,0.0,0.0
17.2,309.5999999999998,0.0,18.0,0.0,0.0,0.0,0.0,0.0,0.0,0.0,34.5,0.0,0.0
17.25,310.4999999999998,0.0,18.0,0.0,0.0,0.0,0.0,0.0,0.0,0.0,34.6,0.0,0.0
17.3,311.39999999999975,0.0,18.0,0.0,0.0,0.0,0.0,0.0,0.0,0.0,34.7,0.0,0.0
17.35,312.2999999999997,0.0,18.0,0.0,0.0,0.0,0.0,0.0,0.0,0.0,34.800000000000004,0.0,0.0
17.400000000000002,313.1999999999997,0.0,18.0,0.0,0.0,0.0,0.0,0.0,0.0,0.0,34.9,0.0,0.0
17.45,314.0999999999997,0.0,18.0,0.0,0.0,0.0,0.0,0.0,0.0,0.0,35.0,0.0,0.0
17.5,314.99999999999966,0.0,18.0,0.0,0.0,0.0,0.0,0.0,0.0,0.0,35.1,0.0,0.0
17.55,315.89999999999964,0.0,18.0,0.0,0.0,0.0,0.0,0.0,0.0,0.0,35.2,0.0,0.0
17.6,316.7999999999996,0.0,18.0,0.0,0.0,0.0,0.0,0.0,0.0,0.0,35.30000000000001,0.0,0.0
17.650000000000002,317.6999999999996,0.0,18.0,0.0,0.0,0.0,0.0,0.0,0.0,0.0,35.4,0.0,0.0
17.7,318.59999999999957,0.0,18.0,0.0,0.0,0.0,0.0,0.0,0.0,0.0,35.5,0.0,0.0
17.75,319.49999999999955,0.0,18.0,0.0,0.0,0.0,0.0,0.0,0.0,0.0,35.6,0.0,0.0
17.8,320.3999999999995,0.0,18.0,0.0,0.0,0.0,0.0,0.0,0.0,0.0,35.7,0.0,0.0
17.85,321.2999999999995,0.0,18.0,0.0,0.0,0.0,0.0,0.0,0.0,0.0,35.80000000000001,0.0,0.0
17.900000000000002,322.1999999999995,0.0,18.0,0.0,0.0,0.0,0.0,0.0,0.0,0.0,35.9,0.0,0.0
17.95,323.09999999999945,0.0,18.0,0.0,0.0,0.0,0.0,0.0,0.0,0.0,36.0,0.0,0.0
18.0,323.99999999999943,0.0,18.0,0.0,0.0,0.0,0.0,0.0,0.0,0.0,36.1,0.0,0.0
18.05,324.8999999999994,0.0,18.0,0.0,0.0,0.0,0.0,0.0,0.0,0.0,36.2,0.0,0.0
18.1,325.7999999999994,0.0,18.0,0.0,0.0,0.0,0.0,0.0,0.0,0.0,36.3,0.0,0.0
18.150000000000002,326.69999999999936,0.0,18.0,0.0,0.0,0.0,0.0,0.0,0.0,0.0,36.4,0.0,0.0
18.2,327.59999999999934,0.0,18.0,0.0,0.0,0.0,0.0,0.0,0.0,0.0,36.5,0.0,0.0
18.25,328.4999999999993,0.0,18.0,0.0,0.0,0.0,0.0,0.0,0.0,0.0,36.6,0.0,0.0
18.3,329.3999999999993,0.0,18.0,0.0,0.0,0.0,0.0,0.0,0.0,0.0,36.7,0.0,0.0
18.35,330.2999999999993,0.0,18.0,0.0,0.0,0.0,0.0,0.0,0.0,0.0,36.8,0.0,0.0
18.400000000000002,331.19999999999925,0.0,18.0,0.0,0.0,0.0,0.0,0.0,0.0,0.0,36.9,0.0,0.0
18.45,332.0999999999992,0.0,18.0,0.0,0.0,0.0,0.0,0.0,0.0,0.0,37.0,0.0,0.0
18.5,332.9999999999992,0.0,18.0,0.0,0.0,0.0,0.0,0.0,0.0,0.0,37.1,0.0,0.0
18.55,333.8999999999992,0.0,18.0,0.0,0.0,0.0,0.0,0.0,0.0,0.0,37.2,0.0,0.0
18.6,334.79999999999916,0.0,18.0,0.0,0.0,0.0,0.0,0.0,0.0,0.0,37.3,0.0,0.0
18.650000000000002,335.69999999999914,0.0,18.0,0.0,0.0,0.0,0.0,0.0,0.0,0.0,37.4,0.0,0.0
18.7,336.5999999999991,0.0,18.0,0.0,0.0,0.0,0.0,0.0,0.0,0.0,37.5,0.0,0.0
18.75,337.4999999999991,0.0,18.0,0.0,0.0,0.0,0.0,0.0,0.0,0.0,37.6,0.0,0.0
18.8,338.39999999999907,0.0,18.0,0.0,0.0,0.0,0.0,0.0,0.0,0.0,37.7,0.0,0.0
18.85,339.29999999999905,0.0,18.0,0.0,0.0,0.0,0.0,0.0,0.0,0.0,37.8,0.0,0.0
18.900000000000002,340.199999999999,0.0,18.0,0.0,0.0,0.0,0.0,0.0,0.0,0.0,37.9,0.0,0.0
18.95,341.099999999999,0.0,18.0,0.0,0.0,0.0,0.0,0.0,0.0,0.0,38.0,0.0,0.0
19.0,341.999999999999,0.0,18.0,0.0,0.0,0.0,0.0,0.0,0.0,0.0,38.1,0.0,0.0
19.05,342.89999999999895,0.0,18.0,0.0,0.0,0.0,0.0,0.0,0.0,0.0,38.2,0.0,0.0
19.1,343.79999999999893,0.0,18.0,0.0,0.0,0.0,0.0,0.0,0.0,0.0,38.3,0.0,0.0
19.150000000000002,344.6999999999989,0.0,18.0,0.0,0.0,0.0,0.0,0.0,0.0,0.0,38.40000000000001,0.0,0.0
19.200000000000003,345.5999999999989,0.0,18.0,0.0,0.0,0.0,0.0,0.0,0.0,0.0,38.5,0.0,0.0
19.25,346.49999999999886,0.0,18.0,0.0,0.0,0.0,0.0,0.0,0.0,0.0,38.6,0.0,0.0
19.3,347.39999999999884,0.0,18.0,0.0,0.0,0.0,0.0,0.0,0.0,0.0,38.7,0.0,0.0
19.35,348.2999999999988,0.0,18.0,0.0,0.0,0.0,0.0,0.0,0.0,0.0,38.8,0.0,0.0
19.400000000000002,349.1999999999988,0.0,18.0,0.0,0.0,0.0,0.0,0.0,0.0,0.0,38.90000000000001,0.0,0.0
19.450000000000003,350.0999999999988,0.0,18.0,0.0,0.0,0.0,0.0,0.0,0.0,0.0,39.0,0.0,0.0
19.5,350.99999999999875,0.0,18.0,0.0,0.0,0.0,0.0,0.0,0.0,0.0,39.1,0.0,0.0
19.55,351.8999999999987,0.0,18.0,0.0,0.0,0.0,0.0,0.0,0.0,0.0,39.2,0.0,0.0
19.6,352.7999999999987,0.0,18.0,0.0,0.0,0.0,0.0,0.0,0.0,0.0,39.3,0.0,0.0
19.650000000000002,353.6999999999987,0.0,18.0,0.0,0.0,0.0,0.0,0.0,0.0,0.0,39.40000000000001,0.0,0.0
19.700000000000003,354.59999999999866,0.0,18.0,0.0,0.0,0.0,0.0,0.0,0.0,0.0,39.5,0.0,0.0
19.75,355.49999999999864,0.0,18.0,0.0,0.0,0.0,0.0,0.0,0.0,0.0,39.6,0.0,0.0
19.8,356.3999999999986,0.0,18.0,0.0,0.0,0.0,0.0,0.0,0.0,0.0,39.7,0.0,0.0
19.85,357.2999999999986,0.0,18.0,0.0,0.0,0.0,0.0,0.0,0.0,0.0,39.8,0.0,0.0
19.900000000000002,358.19999999999857,0.0,18.0,0.0,0.0,0.0,0.0,0.0,0.0,0.0,39.90000000000001,0.0,0.0
19.950000000000003,359.09999999999854,0.0,18.0,0.0,0.0,0.0,0.0,0.0,0.0,0.0,40.0,0.0,0.0
20.0,359.9999999999985,0.0,18.0,0.0,0.0,0.0,0.0,0.0,0.0,0.0,40.1,0.0,0.0
20.05,360.8999999999985,0.0,18.0,0.0,0.0,0.0,0.0,0.0,0.0,0.0,40.2,0.0,0.0
20.1,361.7999999999985,0.0,18.0,0.0,0.0,0.0,0.0,0.0,0.0,0.0,40.3,0.0,0.0
20.150000000000002,362.69999999999845,0.0,18.0,0.0,0.0,0.0,0.0,0.0,0.0,0.0,40.40000000000001,0.0,0.0
20.200000000000003,363.59999999999843,0.0,18.0,0.0,0.0,0.0,0.0,0.0,0.0,0.0,40.5,0.0,0.0
20.25,364.4999999999984,0.0,18.0,0.0,0.0,0.0,0.0,0.0,0.0,0.0,40.6,0.0,0.0
20.3,365.3999999999984,0.0,18.0,0.0,0.0,0.0,0.0,0.0,0.0,0.0,40.7,0.0,0.0
20.35,366.29999999999836,0.0,18.0,0.0,0.0,0.0,0.0,0.0,0.0,0.0,40.8,0.0,0.0
20.400000000000002,367.19999999999834,0.0,18.0,0.0,0.0,0.0,0.0,0.0,0.0,0.0,40.90000000000001,0.0,0.0
20.450000000000003,368.0999999999983,0.0,18.0,0.0,0.0,0.0,0.0,0.0,0.0,0.0,41.0,0.0,0.0
20.5,368.9999999999983,0.0,18.0,0.0,0.0,0.0,0.0,0.0,0.0,0.0,41.1,0.0,0.0
20.55,369.8999999999983,0.0,18.0,0.0,0.0,0.0,0.0,0.0,0.0,0.0,41.2,0.0,0.0
20.6,370.79999999999825,0.0,18.0,0.0,0.0,0.0,0.0,0.0,0.0,0.0,41.3,0.0,0.0
20.650000000000002,371.6999999999982,0.0,18.0,0.0,0.0,0.0,0.0,0.0,0.0,0.0,41.40000000000001,0.0,0.0
20.700000000000003,372.5999999999982,0.0,18.0,0.0,0.0,0.0,0.0,0.0,0.0,0.0,41.5,0.0,0.0
20.75,373.4999999999982,0.0,18.0,0.0,0.0,0.0,0.0,0.0,0.0,0.0,41.6,0.0,0.0
20.8,374.39999999999816,0.0,18.0,0.0,0.0,0.0,0.0,0.0,0.0,0.0,41.7,0.0,0.0
20.85,375.29999999999814,0.0,18.0,0.0,0.0,0.0,0.0,0.0,0.0,0.0,41.8,0.0,0.0
20.900000000000002,376.1999999999981,0.0,18.0,0.0,0.0,0.0,0.0,0.0,0.0,0.0,41.90000000000001,0.0,0.0
20.950000000000003,377.0999999999981,0.0,18.0,0.0,0.0,0.0,0.0,0.0,0.0,0.0,42.0,0.0,0.0
21.0,377.99999999999807,0.0,18.0,0.0,0.0,0.0,0.0,0.0,0.0,0.0,42.1,0.0,0.0
21.05,378.89999999999804,0.0,18.0,0.0,0.0,0.0,0.0,0.0,0.0,0.0,42.2,0.0,0.0
21.1,379.799999999998,0.0,18.0,0.0,0.0,0.0,0.0,0.0,0.0,0.0,42.3,0.0,0.0
21.150000000000002,380.699999999998,0.0,18.0,0.0,0.0,0.0,0.0,0.0,0.0,0.0,42.40000000000001,0.0,0.0
21.200000000000003,381.599999999998,0.0,18.0,0.0,0.0,0.0,0.0,0.0,0.0,0.0,42.5,0.0,0.0
21.25,382.49999999999795,0.0,18.0,0.0,0.0,0.0,0.0,0.0,0.0,0.0,42.6,0.0,0.0
21.3,383.39999999999793,0.0,18.0,0.0,0.0,0.0,0.0,0.0,0.0,0.0,42.7,0.0,0.0
21.35,384.2999999999979,0.0,18.0,0.0,0.0,0.0,0.0,0.0,0.0,0.0,42.8,0.0,0.0
21.400000000000002,385.1999999999979,0.0,18.0,0.0,0.0,0.0,0.0,0.0,0.0,0.0,42.90000000000001,0.0,0.0
21.450000000000003,386.09999999999786,0.0,18.0,0.0,0.0,0.0,0.0,0.0,0.0,0.0,43.0,0.0,0.0
21.5,386.99999999999784,0.0,18.0,0.0,0.0,0.0,0.0,0.0,0.0,0.0,43.1,0.0,0.0
21.55,387.8999999999978,0.0,18.0,0.0,0.0,0.0,0.0,0.0,0.0,0.0,43.2,0.0,0.0
21.6,388.7999999999978,0.0,18.0,0.0,0.0,0.0,0.0,0.0,0.0,0.0,43.3,0.0,0.0
21.650000000000002,389.6999999999978,0.0,18.0,0.0,0.0,0.0,0.0,0.0,0.0,0.0,43.40000000000001,0.0,0.0
21.700000000000003,390.59999999999775,0.0,18.0,0.0,0.0,0.0,0.0,0.0,0.0,0.0,43.5,0.0,0.0
21.75,391.4999999999977,0.0,18.0,0.0,0.0,0.0,0.0,0.0,0.0,0.0,43.6,0.0,0.0
21.8,392.3999999999977,0.0,18.0,0.0,0.0,0.0,0.0,0.0,0.0,0.0,43.7,0.0,0.0
21.85,393.2999999999977,0.0,18.0,0.0,0.0,0.0,0.0,0.0,0.0,0.0,43.8,0.0,0.0
21.900000000000002,394.19999999999766,0.0,18.0,0.0,0.0,0.0,0.0,0.0,0.0,0.0,43.90000000000001,0.0,0.0
21.950000000000003,395.09999999999764,0.0,18.0,0.0,0.0,0.0,0.0,0.0,0.0,0.0,44.0,0.0,0.0
22.0,395.9999999999976,0.0,18.0,0.0,0.0,0.0,0.0,0.0,0.0,0.0,44.1,0.0,0.0
22.05,396.8999999999976,0.0,18.0,0.0,0.0,0.0,0.0,0.0,0.0,0.0,44.2,0.0,0.0
22.1,397.79999999999757,0.0,18.0,0.0,0.0,0.0,0.0,0.0,0.0,0.0,44.3,0.0,0.0
22.150000000000002,398.69999999999754,0.0,18.0,0.0,0.0,0.0,0.0,0.0,0.0,0.0,44.40000000000001,0.0,0.0
22.200000000000003,399.5999999999975,0.0,18.0,0.0,0.0,0.0,0.0,0.0,0.0,0.0,44.5,0.0,0.0
22.25,400.4999999999975,0.0,18.0,0.0,0.0,0.0,0.0,0.0,0.0,0.0,44.6,0.0,0.0
22.3,401.3999999999975,0.0,18.0,0.0,0.0,0.0,0.0,0.0,0.0,0.0,44.7,0.0,0.0
22.35,402.29999999999745,0.0,18.0,0.0,0.0,0.0,0.0,0.0,0.0,0.0,44.8,0.0,0.0
22.400000000000002,403.19999999999743,0.0,18.0,0.0,0.0,0.0,0.0,0.0,0.0,0.0,44.90000000000001,0.0,0.0
22.450000000000003,404.0999999999974,0.0,18.0,0.0,0.0,0.0,0.0,0.0,0.0,0.0,45.0,0.0,0.0
22.5,404.9999999999974,0.0,18.0,0.0,0.0,0.0,0.0,0.0,0.0,0.0,45.1,0.0,0.0
22.55,405.89999999999736,0.0,18.0,0.0,0.0,0.0,0.0,0.0,0.0,0.0,45.2,0.0,0.0
22.6,406.79999999999734,0.0,18.0,0.0,0.0,0.0,0.0,0.0,0.0,0.0,45.3,0.0,0.0
22.650000000000002,407.6999999999973,0.0,18.0,0.0,0.0,0.0,0.0,0.0,0.0,0.0,45.40000000000001,0.0,0.0
22.700000000000003,408.5999999999973,0.0,18.0,0.0,0.0,0.0,0.0,0.0,0.0,0.0,45.5,0.0,0.0
22.75,409.49999999999727,0.0,18.0,0.0,0.0,0.0,0.0,0.0,0.0,0.0,45.6,0.0,0.0
22.8,410.39999999999725,0.0,18.0,0.0,0.0,0.0,0.0,0.0,0.0,0.0,45.7,0.0,0.0
22.85,411.2999999999972,0.0,18.0,0.0,0.0,0.0,0.0,0.0,0.0,0.0,45.8,0.0,0.0
22.900000000000002,412.1999999999972,0.0,18.0,0.0,0.0,0.0,0.0,0.0,0.0,0.0,45.90000000000001,0.0,0.0
22.950000000000003,413.0999999999972,0.0,18.0,0.0,0.0,0.0,0.0,0.0,0.0,0.0,46.0,0.0,0.0
23.0,413.99999999999716,0.0,18.0,0.0,0.0,0.0,0.0,0.0,0.0,0.0,46.1,0.0,0.0
23.05,414.89999999999714,0.0,18.0,0.0,0.0,0.0,0.0,0.0,0.0,0.0,46.2,0.0,0.0
23.1,415.7999999999971,0.0,18.0,0.0,0.0,0.0,0.0,0.0,0.0,0.0,46.3,0.0,0.0
23.150000000000002,416.6999999999971,0.0,18.0,0.0,0.0,0.0,0.0,0.0,0.0,0.0,46.40000000000001,0.0,0.0
23.200000000000003,417.59999999999707,0.0,18.0,0.0,0.0,0.0,0.0,0.0,0.0,0.0,46.5,0.0,0.0
23.25,418.49999999999704,0.0,18.0,0.0,0.0,0.0,0.0,0.0,0.0,0.0,46.6,0.0,0.0
23.3,419.399999999997,0.0,18.0,0.0,0.0,0.0,0.0,0.0,0.0,0.0,46.7,0.0,0.0
23.35,420.299999999997,0.0,18.0,0.0,0.0,0.0,0.0,0.0,0.0,0.0,46.8,0.0,0.0
23.400000000000002,421.199999999997,0.0,18.0,0.0,0.0,0.0,0.0,0.0,0.0,0.0,46.90000000000001,0.0,0.0
23.450000000000003,422.09999999999695,0.0,18.0,0.0,0.0,0.0,0.0,0.0,0.0,0.0,47.0,0.0,0.0
23.5,422.99999999999693,0.0,18.0,0.0,0.0,0.0,0.0,0.0,0.0,0.0,47.1,0.0,0.0
23.55,423.8999999999969,0.0,18.0,0.0,0.0,0.0,0.0,0.0,0.0,0.0,47.2,0.0,0.0
23.6,424.7999999999969,0.0,18.0,0.0,0.0,0.0,0.0,0.0,0.0,0.0,47.3,0.0,0.0
23.650000000000002,425.69999999999686,0.0,18.0,0.0,0.0,0.0,0.0,0.0,0.0,0.0,47.40000000000001,0.0,0.0
23.700000000000003,426.59999999999684,0.0,18.0,0.0,0.0,0.0,0.0,0.0,0.0,0.0,47.5,0.0,0.0
23.75,427.4999999999968,0.0,18.0,0.0,0.0,0.0,0.0,0.0,0.0,0.0,47.6,0.0,0.0
23.8,428.3999999999968,0.0,18.0,0.0,0.0,0.0,0.0,0.0,0.0,0.0,47.7,0.0,0.0
23.85,429.29999999999677,0.0,18.0,0.0,0.0,0.0,0.0,0.0,0.0,0.0,47.8,0.0,0.0
23.900000000000002,430.19999999999675,0.0,18.0,0.0,0.0,0.0,0.0,0.0,0.0,0.0,47.90000000000001,0.0,0.0
23.950000000000003,431.0999999999967,0.0,18.0,0.0,0.0,0.0,0.0,0.0,0.0,0.0,48.0,0.0,0.0
24.0,431.9999999999967,0.0,18.0,0.0,0.0,0.0,0.0,0.0,0.0,0.0,48.1,0.0,0.0
24.05,432.8999999999967,0.0,18.0,0.0,0.0,0.0,0.0,0.0,0.0,0.0,48.2,0.0,0.0
24.1,433.79999999999666,0.0,18.0,0.0,0.0,0.0,0.0,0.0,0.0,0.0,48.3,0.0,0.0
24.150000000000002,434.69999999999663,0.0,18.0,0.0,0.0,0.0,0.0,0.0,0.0,0.0,48.40000000000001,0.0,0.0
24.200000000000003,435.5999999999966,0.0,18.0,0.0,0.0,0.0,0.0,0.0,0.0,0.0,48.5,0.0,0.0
24.25,436.4999999999966,0.0,18.0,0.0,0.0,0.0,0.0,0.0,0.0,0.0,48.6,0.0,0.0
24.3,437.39999999999657,0.0,18.0,0.0,0.0,0.0,0.0,0.0,0.0,0.0,48.7,0.0,0.0
24.35,438.29999999999654,0.0,18.0,0.0,0.0,0.0,0.0,0.0,0.0,0.0,48.8,0.0,0.0
24.400000000000002,439.1999999999965,0.0,18.0,0.0,0.0,0.0,0.0,0.0,0.0,0.0,48.90000000000001,0.0,0.0
24.450000000000003,440.0999999999965,0.0,18.0,0.0,0.0,0.0,0.0,0.0,0.0,0.0,49.0,0.0,0.0
24.5,440.9999999999965,0.0,18.0,0.0,0.0,0.0,0.0,0.0,0.0,0.0,49.1,0.0,0.0
24.55,441.89999999999645,0.0,18.0,0.0,0.0,0.0,0.0,0.0,0.0,0.0,49.2,0.0,0.0
24.6,442.79999999999643,0.0,18.0,0.0,0.0,0.0,0.0,0.0,0.0,0.0,49.3,0.0,0.0
24.650000000000002,443.6999999999964,0.0,18.0,0.0,0.0,0.0,0.0,0.0,0.0,0.0,49.40000000000001,0.0,0.0
24.700000000000003,444.5999999999964,0.0,18.0,0.0,0.0,0.0,0.0,0.0,0.0,0.0,49.5,0.0,0.0
24.75,445.49999999999636,0.0,18.0,0.0,0.0,0.0,0.0,0.0,0.0,0.0,49.6,0.0,0.0
24.8,446.39999999999634,0.0,18.0,0.0,0.0,0.0,0.0,0.0,0.0,0.0,49.7,0.0,0.0
24.85,447.2999999999963,0.0,18.0,0.0,0.0,0.0,0.0,0.0,0.0,0.0,49.8,0.0,0.0
24.900000000000002,448.1999999999963,0.0,18.0,0.0,0.0,0.0,0.0,0.0,0.0,0.0,49.90000000000001,0.0,0.0
24.950000000000003,449.09999999999627,0.0,18.0,0.0,0.0,0.0,0.0,0.0,0.0,0.0,50.00000000000002,0.0,0.0
25.0,449.99999999999625,0.0,18.0,0.0,0.0,0.0,0.0,0.0,0.0,0.0,51.99996666683335,0.009999916666942,0.00019230621065087944
25.05,450.8999999999962,0.0,18.0,0.0,0.0,0.0,0.0,0.0,-0.009999916666942,-0.00019230621065087944,53.99973333866663,0.03999866668445407,0.000740719572044937
25.1,451.7999995824776,0.000866910226368763,18.0,0.0,0.0005113144216982576,0.010226288433965152,0.0004519193121070459,0.0040672738089634125,-0.03999866668445407,-0.000740719572044937,55.99910004049915,0.08999325020249671,0.0016070467679878888
25.150000000000002,452.6999911713272,0.0047579255163901005,17.99999816192045,0.008134547341038943,0.002575411704321668,0.041281945652468205,0.0017479520862523257,0.016173804103118538,-0.08912633997612794,-0.0010957323462896312,57.99786683732685,0.15997866780440972,0.0027583473461431
25.200000000000003,453.59993798158166,0.014542541646165894,17.999972501978537,0.0314631215307989,0.007166512454339729,0.09182201500036122,0.0037054974238249555,0.03561206446988602,-0.15522074228801963,-0.0001829356418214319,59.99583385413568,0.24994792100673635,0.004166063856589903
25.25,454.49973619672414,0.03359961451737968,17.99987642374098,0.06669880099160952,0.015074948602178484,0.1581687229567751,0.0061011594331757905,0.06108310856923597,-0.23540537936057046,0.0030004485977498255,61.99280129588894,0.35989201295916473,0.005805318721417557
25.3,455.39916424316215,0.06568059456332415,17.999664983721367,0.10982018846707595,0.02689712534794692,0.23644353491536868,0.00875596091560538,0.09119752161651398,-0.32629239844178504,0.009269629880760927,63.98856946750658,0.489799949344075,0.007654341826379536
25.35,456.2978249663467,0.11476118752468234,17.99931000274434,0.15760528261274948,0.043036811574104855,0.3227937245231587,0.011524247128408244,0.12452404208666111,-0.42411935478075086,0.019242783521567382,65.98293879383456,0.6396587394761468,0.009694001419429547
25.400000000000002,457.1950898642239,0.18487326235744697,17.99880473878158,0.20743185679580065,0.06370380061323849,0.41333978078267275,0.014277515907463003,0.159585760615069,-0.5248975519514645,0.03334281015467531,67.97570983960222,0.8094533976011462,0.011907417261326153
25.450000000000003,458.09005638458433,0.27992549764930796,17.99816540402074,0.25698655511724694,0.08891337623417109,0.504191512418652,0.016897550382223417,0.19488257565727632,-0.6245801352436993,0.05179638335191234,69.96668332936565,0.999166944394858,0.01427963972538838
25.5,458.9815289839318,0.4035240599897686,17.99743031626348,0.30414143295546336,0.11849077223010482,0.5915479199186745,0.01927634858720701,0.22893862497414724,-0.71924144674555,0.0746337365087827,71.95566016743498,1.2087804086606295,0.016797382125154782
25.55,459.8680321364464,0.5588049686093872,17.996655905017462,0.34695278699005183,0.15208284725111687,0.671841500420241,0.021319173010851913,0.26036207506831105,-0.8052563486708609,0.10169339010495004,73.94244145778391,1.4382728292267473,0.019448796271092802
25.6,460.74785910126843,0.7482898280891765,17.995909590689408,0.38371604570701356,0.18917756047808293,0.7418942645393208,0.022948451650930658,0.28790726839701736,-0.87946786061736,0.13263405098002407,75.92682852393902,1.6876212570423943,0.02222328334304473
25.650000000000002,461.6191547080983,0.9737758931108698,17.995260525103273,0.4130358745434745,0.22913074255304844,0.7990636414993103,0.024107337007123666,0.3105322114180794,-0.9393314289532178,0.1669542771350382,77.90862292884734,1.9568007574725639,0.02511133377483984
25.700000000000003,462.4800247367804,1.236269309631791,17.99476978003035,0.43389003642221025,0.27119888415282895,0.8413628319956097,0.02476227172560526,0.32744603027042635,-0.9830248643616941,0.2040194087782086,79.88762649471988,2.2457844127915507,0.028104391098745334
25.75,463.3286598148433,1.535966664109971,17.994481751068303,0.4456753420034172,0.314576081778002,0.8675439525034611,0.02490417898629407,0.33814209503465575,-1.0095151031597598,0.24309449305408362,81.86364132284923,2.5545433248746012,0.031194735676587905
25.8,464.1634591426722,1.8722850880127324,17.9944183253181,0.44822888512022413,0.35843288070787305,0.8771359785974203,0.024548088181906038,0.342413770911422,-1.0185766607646303,0.2833813461014141,83.83646981339925,2.88304661808786,0.034375385015513384
25.85,464.98313932089815,2.2439360067839145,17.994576794646925,0.44182120994182333,0.4019545874950571,0.8704341357436804,0.023731201750679984,0.3403514800044941,-1.0107615300751274,0.32405749569235964,85.80591468516486,3.2312614423757395,0.03764000797732247
25.900000000000002,465.786816010041,2.649033253538784,17.994931708437036,0.42712153854306284,0.44437672866723343,0.8484428234435274,0.022509609024135006,0.3323218191935852,-0.9873254355918251,0.3643145795177346,87.77177899530018,3.5991529765459513,0.040982850677227706
25.950000000000003,466.57405042292737,3.0852235550901126,17.995440050056338,0.40513874762642743,0.4850157012145926,0.8127794509471832,0.02095402302238512,0.3189314971784158,-0.9501197230071674,0.4033938779900057,89.73386615901228,3.986684431751684,0.044398672258008844
26.0,467.3448577109081,3.5498267457762847,17.996048504858038,0.377144814092256,0.523293230206993,0.7655505798480082,0.01914501738829712,0.3009803927684506,-0.9014608766615715,0.4406170289565837,91.69197996921996,4.393817055170359,0.047882689039798886
26.05,468.0996791067063,4.039974336248077,17.996701315540694,0.34458926160837067,0.5587539144670655,0.709213685201448,0.017168251426442866,0.27940878383479806,-0.8439903093940746,0.47541054116719417,93.64592461617391,4.820510133878912,0.051430525800139175
26.1,468.83932343784113,4.552737696308157,17.997347325443652,0.30901334493224264,0.5910757861534804,0.6464374337282993,0.015110096090106074,0.2552436650572604,-0.7805357976308347,0.5073233886669263,95.59550470703772,5.266720998925051,0.055038173145864365
26.150000000000002,469.56488593204494,5.085240341376469,17.997945204060837,0.2719713801551159,0.6200743375525163,0.5799710279807171,0.01305394026586169,0.22954820871502124,-0.713983302616894,0.5360376130076161,97.54052528542698,5.7324050295940765,0.05870195010746785
26.200000000000003,470.2776530940338,5.634751917951863,17.998466373570185,0.23496425145833638,0.6457008220306177,0.5125296895620283,0.011077303577281004,0.203377128361067,-0.6471646882176074,0.5613723874450485,99.48079185090464,6.217515657871047,0.06241847122537257
26.25,470.97900210466975,6.198763943781047,17.998895651401757,0.19938738663948655,0.6680358056847858,0.44669967308336134,0.009249745472947284,0.17773932384194496,-0.5827637399191845,0.5832823508052452,101.41611037843107,6.722004373097378,0.06618461751189358
26.3,471.6703020603391,6.775048917809992,17.999229985368256,0.16649304435982884,0.6872789593546581,0.3848630733974457,0.00763146467954748,0.15356800181163613,-0.5232404293163313,0.6018511881728923,103.34628733776628,7.245820726821903,0.06999751076732824
26.35,472.3528228068039,7.361705061257886,17.99947584926546,0.13736503088332705,0.7037359871677767,0.329140556262372,0.006272436763253258,0.13169764729073608,-0.47077180901191085,0.6172814485873299,105.2711297128228,7.7889123378458285,0.07385449080721569
26.400000000000002,473.02765542434264,7.957188846348438,17.99964590999439,0.11290312140186483,0.717803443216071,0.2813491209658865,0.005211935898077041,0.11284681545172932,-0.4272072765879429,0.629881496360561,107.19044502096716,8.351224897460582,0.07775309522334888
26.450000000000003,473.6956467891703,8.560336868409063,17.999755522071172,0.09381442143057096,0.7299520407666463,0.24297195101150576,0.004478317300187362,0.09760566998058515,-0.39403605111214457,0.6400503479927222,109.10404133226795,8.932702174878813,0.0816910413559776
26.5,474.3573491879366,9.17037779774651,17.999819502369093,0.08060944196130466,0.7407089426818426,0.21513803830392625,0.004088983804490241,0.08642741102069439,-0.3723653064697494,0.6482609994106687,111.01172728868877,9.53328602285734,0.08566621020067383
26.55,475.0129847626684,9.78693435893624,17.999849522112683,0.07360150338016197,0.7506394549313512,0.19861024499017121,0.004050509668831478,0.07962308936628462,-0.36290822511082865,0.6550427324811687,112.91331212322363,10.152916383511863,0.08967663201212954
26.6,475.6624236500908,10.410014716116246,17.999852340544688,0.07290897467350708,0.7603285294169421,0.19378148971181802,0.004358936232521448,0.07735968003435655,-0.365982024575624,0.6609628229192217,114.80860567897372,10.791531294322624,0.0937204733999298
26.650000000000002,476.3051740740263,11.039992408205995,17.999828997345045,0.07846060372200585,0.7703625081151885,0.20067957396492886,0.005000280949891706,0.07966159742037485,-0.3815165782063783,0.6666080560170122,116.69741842816296,11.449066894330768,0.09779602573913528
26.700000000000003,476.94038235936836,11.677574116093519,17.999774975182653,0.09000468203530232,0.781311590476437,0.2189816472249685,0.005951310864484894,0.08641601686011538,-0.4090744861247728,0.6725664823760532,118.57956149109032,12.12545743052425,0.10190169474212181
26.75,477.56684084377184,12.323755025219503,17.99968123803178,0.10712296320945998,0.7937135595125278,0.2480393807218164,0.0071806243372952525,0.09738239677393606,-0.44788331443073126,0.6794098957343151,120.45484665501806,12.820635264413054,0.1060359910582723
26.8,478.1830019179662,12.979762289392427,17.999535949701066,0.12925012734578212,0.808059339062661,0.28691559100266545,0.008650063794719581,0.11220647421940559,-0.4968802391935512,0.6876775684542554,122.32308639299248,13.534530878793163,0.11019752178533358
26.85,478.7869968400981,13.646987988866663,17.999326591766046,0.1556992066253818,0.8247809590104771,0.3344323989563222,0.010316451997130374,0.1304387608274719,-0.5547685894007355,0.6978618172773274,124.18409388259658,14.267072884697967,0.11438498279100258
26.900000000000002,479.3766584275681,14.326913876197281,17.999042145859065,0.18569284205123943,0.8442424661306885,0.3892301424042294,0.012133610137261799,0.1515572381421165,-0.6200848958313046,0.7103959762194745,126.03768302463236,15.018188028537425,0.1185971517560064
26.950000000000003,479.9495471055716,15.021030986356237,17.99867499580154,0.21839962341628813,0.866734231914444,0.4498353156751096,0.014054583197664103,0.17499359202244172,-0.691274152340144,0.7256453143746822,127.88366846173015,15.78780119942303,0.12283288186085217
27.0,480.50297997577405,15.7307577353093,17.99822224748403,0.2529741689795685,0.8924709781451728,0.5147349246145781,0.01603397104930203,0.2001619869656443,-0.7667702130667919,0.7439013500535918,129.72186559688464,16.57583543667903,0.12709109604787913
27.05,481.0340624952286,16.45736034852354,17.997686255521852,0.28859911261080295,0.9215936754017251,0.5824539451310445,0.018030246434909445,0.2264891108857042,-0.8450777013697284,0.7653798820972937,131.55209061191414,17.382211937538386,0.1313707817984034
27.1,481.53972202069707,17.201879283341874,17.997074271183138,0.3245268517673,0.9541752834826439,0.6516321616183758,0.020007935851699448,0.2534440593639724,-0.9248515890148461,0.7902228936033218,133.37416048584222,18.20685006502302,0.13567098637184216
27.150000000000002,482.0167419394652,17.96506471107125,17.996397262715558,0.3601188172311349,0.9902301142492667,0.7210966153324548,0.021939547902557078,0.2805666059002066,-1.0049707816811448,0.8185042971108017,135.18789301319998,19.049667356007348,0.13999081245986494
27.200000000000003,482.46179449159985,18.74732312479297,17.995668079906558,0.3948801816149176,1.0297264270580628,0.7899262561759212,0.02380715619114976,0.3074925390050114,-1.0846026449360977,0.8502393017894017,136.99310682224612,19.910579529464652,0.14432941421399648
27.25,482.87146983570614,19.548675801478698,17.994899214752518,0.42848833227890626,1.0726017355258726,0.8575061693561958,0.025603579216724064,0.3339750408120276,-1.1632564046716816,0.8853970128440664,138.78962139310403,20.78950049489498,0.14868599360977833
27.3,483.2422985608762,20.36872827332958,17.994100432877328,0.4608140747893971,1.1187802306122518,0.9235699017275842,0.027333145457163442,0.35990152088761923,-1.2408246934162825,0.9239157419160943,140.57725707581378,21.686342360934248,0.15305979711470882
27.35,483.57076480648215,21.206648272791064,17.993276511044083,0.49193535866949967,1.1681917235140884,0.9882298580367295,0.029012084075824538,0.3853058717381276,-1.3176140876046674,0.965720433497543,142.35583510829667,22.6010154441432,0.1574501126307709
27.400000000000002,483.85330747066325,22.06114791756421,17.992425222128745,0.52214425794538,1.2207915914099052,1.0519973579163377,0.030668635815854876,0.41037673485274573,-1.3943671713521368,1.0107416108833176,144.12517763423168,23.53342827797576,0.1618562666855228
27.450000000000003,484.0863076692885,22.93046426242413,17.99153557647115,0.5519489111981697,1.2765813720256443,1.1157956123147799,0.03234303017680292,0.4354630092987412,-1.472280360411549,1.0589353247243825,145.88510772084072,24.48348762192552,0.1662776218485029
27.5,484.26606162573313,23.81233075750289,17.99058617626157,0.5820730491150247,1.3356298963213078,1.1809704859132701,0.034087520799555536,0.46107845808042514,-1.5530233595013883,1.1103037501771413,147.6354493765816,25.45109847084981,0.17071357435215448
27.55,484.3887395241308,24.703930518182947,17.989543380904106,0.6134565563829567,1.3980951667390806,1.2493054083554564,0.03596671057773449,0.4879078509802386,-1.638767713346919,1.1649163219691534,149.37602756874742,26.436164064470066,0.1751635518986348
27.6,484.45033262656875,25.601820427766558,17.988358816576845,0.6472612193558913,1.4642475774994648,1.323048215207684,0.03805843423137664,0.5168176390850978,-1.7322335462871195,1.2229316148404459,151.1066682409695,27.438585897047854,0.17962701163579362
27.650000000000002,484.4465933938458,26.501812660032282,17.986965573672155,0.6848864515616568,1.5344955362830517,1.4049591756717403,0.04045550549024203,0.5488747375463067,-1.8367654692812962,1.2846205658636711,152.82719833062268,28.458263727235217,0.18410343828729542
27.700000000000003,484.3729770171917,27.398796845560838,17.985272177532487,0.7280004808211583,1.6094150983335598,1.4983912410101616,0.043268688669691906,0.5853776920527981,-1.9564510672029343,1.3503920979957562,154.53744578613194,29.49509558809891,0.1885923424233707
27.75,484.22459872480755,28.286481407975415,17.983153013855034,0.7785933985570466,1.6897858966092136,1.6074159655130775,0.04663133309428326,0.6279054512078877,-2.096298742538071,1.4208227559101891,156.23723958417682,30.54897779731681,0.19309325886001283
27.8,483.9962313748616,29.157026268093883,17.980433214984068,0.8390598318938145,1.7766364977841103,1.737012023497932,0.05070622796175914,0.6783903199110171,-2.2624963893413934,1.496692637749201,157.92640974679398,31.619804967546315,0.19760574517563395
27.85,483.6823855134812,30.0005313216024,17.976864863587643,0.9123210379619572,1.8713034078078192,1.893338200474179,0.05569540852859302,0.7392235928359597,-2.462778699452432,1.5790307526084764,159.60478735837484,32.707470016962674,0.20212938033524608
27.900000000000002,483.2775449848503,30.80433735938628,17.972089409176444,1.001999136011562,1.9755093815844869,2.0841194755333534,0.06185387900717026,0.8134049773567442,-2.706938695360275,1.669174027472573,161.27220458255687,33.81186417996739,0.2066637634131929
27.950000000000003,482.77668492931105,31.552093472544335,17.965577855612533,1.1126600172220615,2.0914685380717772,2.3191831297458103,0.06950849836633448,0.9047501295197952,-3.0075268205811057,1.768845618171294,162.92849467900717,34.932877018064396,0.21120851240629013
28.0,482.1762908703686,32.22256120031843,17.956534622121122,1.2501457373304474,2.222028039629607,2.6111900311565956,0.07908352621652597,1.0181737876057215,-3.3807835455200603,1.8802600256654871,164.57349202009638,36.070396430904175,0.2157632631300053
28.05,481.476249034261,32.78819485180949,17.94374149311715,1.422020122285831,2.370858480709534,2.976608821598545,0.09113431384495323,1.1600669345929822,-3.847835230585744,2.0062647764996018,166.20703210746115,37.22430866749329,0.22032766819097244
28.1,480.68320927984905,33.21373914788481,17.925302552778017,1.6381478539405205,2.542706611025548,3.4369626063202734,0.1063897328091408,1.3387792850952889,-4.436113815683797,2.1505308125185616,167.828951588454,38.3944983375697,0.22490139602976233
28.150000000000002,479.816314331288,33.45559271548178,17.898227072534816,1.9114046301036824,2.7437216819265933,4.020301418020904,0.1258006429128174,1.5651885665105358,-5.180759189684892,2.3178052149957855,169.4390882724785,39.58084842314156,0.22948413002836404
28.200000000000003,478.9163520631069,33.46383382282655,17.857755527121764,2.2584436086721444,2.9818532486421945,4.762631334312022,0.15058249104303945,1.8532513541611464,-6.1252557076597824,2.5142375518982294,171.03728114720803,40.78324029018893,0.23407556767733487
28.25,478.05867758829356,33.191080279763156,17.79630954883867,2.700253032942205,3.267276775886512,5.708470544886355,0.1822173756804482,2.2202119327880445,-7.319406467362377,2.7477776809648597,172.6233703946869,42.00155370052707,0.2386754197980178
28.3,477.36652846438426,32.61581547963057,17.70199737539525,3.2617922866883418,3.6126982530407403,6.908429543084562,0.2223299980406646,2.6856505862018767,-8.810473420763913,3.0286013560884943,174.19719740731205,43.23566682383022,0.2432834098156255
28.35,477.0102746662435,31.789326985270073,17.556953871191578,3.9690516203308723,4.033156944660638,8.409173832397949,0.2722523145842597,3.2675677808784185,-10.619851344199652,3.369414843225115,175.7586048036938,44.48545624981449,0.24789927307935308
28.400000000000002,477.1572802982089,30.901414070525355,17.337018405656217,4.840226523824848,4.544518245724059,10.227226021268422,0.3319454986914695,3.972196385198725,-12.696129264544417,3.7852576715812845,177.30743644439374,45.750797000578785,0.2525227562260096
28.450000000000003,477.8303661626858,30.303956608406573,17.017382308864768,5.865892886333372,5.159330123141733,12.296237548353485,0.39791132572552834,4.773573099279928,-14.84938293005343,4.291995489498049,178.8435374475383,47.03156254310241,0.25715361658395286
28.5,478.728943174624,30.354546662924513,16.59370234308804,6.97488656172948,5.878975158379501,14.392900704755355,0.46045096435630994,5.585077665812935,-16.727605934695838,4.9021765065577805,180.36675420430745,48.32762480189848,0.2617916216143823
28.55,479.2850743144026,31.062161074428822,16.12533962961786,7.998338691845683,6.684514112439784,16.110779081205656,0.5033686395850827,6.250231398613435,-17.973078138973968,5.617183536765118,181.87693439429475,49.6388541718211,0.26643654838728664
28.6,479.1102006321612,31.945008283893362,15.767326328687002,8.682823299174853,7.536732931726576,17.044376385735838,0.5127966731079012,6.6156149337272625,-18.57669309739228,6.418077564052497,183.37392700073968,50.965119531026026,0.2710881830895662
28.650000000000002,478.3345609257925,32.4014982026258,15.684764835888405,8.831090082366874,8.397648199402012,17.218305353508708,0.4951842077295792,6.696410008085223,-19.020111247132665,7.265644748637009,184.85758232562912,52.306288254082524,0.2757463205630469
28.700000000000003,477.47982820414006,32.119661415572445,15.837861427289578,8.553487324476077,9.261432804363587,17.27569209923151,0.48185529795832993,6.742088371241492,-19.90479005145672,8.121901878838965,186.3277520046669,53.66222622523594,0.280410763870291
28.75,477.18803868611315,31.26827497148867,15.950459857202937,8.341632354866624,10.161254169088116,17.996427294490594,0.5041430098352709,7.044315341310163,-21.542564809663496,8.981022040493295,187.7842890221104,55.032797851819076,0.28508132388627133
28.8,477.7822612646067,30.59233153657085,15.76059788187572,8.695030443064278,11.1472785712068,19.720488042373674,0.5694437152671389,7.722958345007191,-23.764522880330407,9.876172845201845,189.2270477254714,56.41786607781145,0.2897578189141318
28.85,478.6292132020379,30.896752980758965,15.159618611146733,9.704945314867754,12.254238024010231,22.139189056068645,0.6571850540652493,8.655242613036993,-25.825534541240604,10.857520752292668,190.65588384008217,57.81729239754466,0.2944400743233891
28.900000000000002,478.58165202234454,31.79549539891123,14.250869821660576,10.996031526240902,13.467757811180396,24.270395743403295,0.7222795129772889,9.465349977354165,-26.920539416785697,11.959797949686841,192.07065448352162,59.23093686955289,0.29912792220906764
28.950000000000003,477.711846599584,32.026663144361066,13.50541262282289,11.899740748743064,14.722314125744331,25.0911262912787,0.7258845484861348,9.771757064965433,-27.435441470641663,13.16862988897133,193.47121817990467,60.658658130567034,0.3038212010703623
29.0,477.2018784727558,31.285088799052833,13.462425967824943,11.948350809246964,15.976089899211757,25.075515469348538,0.7002580431955528,9.780764859324552,-28.631994986205967,14.418492924673968,194.85743487402863,62.10031340965071,0.30851975550754096
29.05,477.7959226510485,30.608988574059097,13.764166664970327,11.59947050597223,17.274328533952115,25.964772694807156,0.7253151626023618,10.161457801713167,-30.815224610597877,15.667570143704216,196.2291659453793,63.555758542477406,0.3132234359358874
29.1,478.51088421309043,31.155641996990443,13.46922700748139,11.940683557524416,18.68897246166258,28.292878554209306,0.8133578139301719,11.081302947725737,-32.94676996841831,16.961105098016226,197.5862742219926,65.0248479857467,0.31793209831558006
29.150000000000002,477.9372624925508,31.849153440100935,12.367125520993605,13.078769297911355,20.220598058887536,30.63251194449912,0.8908182410310249,11.971880703699178,-33.86920598875626,18.371040363347,198.92862399417197,66.50743483173851,0.32264560389647773
29.200000000000003,477.238785365375,31.281588727656384,11.31796771119577,13.996556965494406,21.785598479294197,31.300008408133223,0.8879115330490737,12.208975551046088,-34.65828139163757,19.897952454991056,200.25608102805862,68.0033708230037,0.3273638189768652
29.25,477.8000550372033,30.57804316730812,11.358603745312548,13.963599856662025,23.361458925783527,31.517208929786598,0.8738675325432269,12.313974508374889,-36.72178209534732,21.45823466031733,201.5685125790555,69.51250636718976,0.332086614675271
29.3,478.3952807083021,31.253103461256032,11.553581969673779,13.80270783832031,25.035497770861724,33.480776901563935,0.9454068269671866,13.114986661324673,-38.934463199881634,23.029372311108254,202.86578740510112,71.03469055199989,0.3368138667145442
29.35,477.56923981613886,31.610393881606438,10.537435773813868,14.593232928749808,26.834065710051977,35.97135878380506,1.0320338627476184,14.07476027307213,-39.781587090743855,24.69868390414718,204.14777577979402,72.56977116028409,0.3415454552174234
29.400000000000002,477.43200326946567,30.720918682257288,9.235334752119659,15.450197151372889,28.664205068820422,36.60278717536892,1.0278428959423074,14.291225143912545,-40.95937727867765,26.492520254834552,205.41434950536487,74.11759468526077,0.3462812645128949
29.450000000000003,478.32326776970416,30.846009012077797,9.300004720438647,15.411356598295262,30.524269894826848,37.20129652012851,1.0310973312915486,14.548414896338475,-43.39667600300348,28.317923804307526,206.66538192549683,75.67800634586723,0.35102118295267815
29.5,477.78034180964937,31.563805224033942,9.249800295524231,15.441541195519306,32.50997534152164,39.714108933895744,1.1243186866127282,15.558257358427868,-44.83199733378943,30.17324871187417,207.9007479379902,77.25085010223782,0.35576510273723017
29.55,477.4401261173448,30.730586595635792,7.772240586031298,16.235525130800294,34.575141999019905,41.303333149965304,1.165519623485657,16.149136285035837,-45.68704487820388,32.15421023878441,209.12032400727333,78.83596867130758,0.36051291975069183
29.6,478.3351697275568,30.82491016542969,7.096915151251068,16.541880042363474,36.65456883232242,41.588536666050295,1.1495397906297864,16.255480780677193,-48.10538207567179,34.214629079269216,210.32398817675556,80.43320354254048,0.36526453340425064
29.650000000000002,477.68372410798855,31.445892133561912,7.360334282341973,16.42636536949612,38.84775007693151,43.86362489218191,1.2314930471277417,17.184040723257354,-49.6082933771108,36.28930429891817,211.5116200810229,82.0423949937805,0.3700198464874208
29.700000000000003,477.6808714174741,30.54589665459725,5.9909431483633915,16.973762110771958,41.12777546484175,45.60050775820472,1.280555697185867,17.840161015126974,-50.59650286021859,38.47773023044409,212.68310095787487,83.66338210722344,0.3747787650267744
29.75,478.3592596564008,31.13732661434389,5.151290376114723,17.247150705578814,43.428971201878355,46.0239147407322,1.2703499725738792,17.99650551295753,-53.11748545262619,40.75299669981497,213.83831366019973,85.29600278550882,0.37954119815170034
29.8,477.4626687670783,31.059065658664142,5.327038722294713,17.1936807708871,45.85239125522636,48.468401066960055,1.358565127014568,18.989482690056043,-54.15867617116493,43.049430003726656,214.9771426676901,86.94009376792928,0.38430705796677556
29.85,478.2293864058157,30.587744046122427,3.7915481072667965,17.59614056974658,48.333986188022095,49.63189865591473,1.3803188085819433,19.414798685342014,-55.881028109265145,45.468084197259586,216.09947409839415,88.59549064675669,0.38907625943038154
29.900000000000002,477.84768174225,31.402791007844378,3.4079003700119825,17.67445091277441,50.870858378077735,50.737443801112825,1.4034062518368737,19.858298005756367,-58.00774660063426,47.94490992859171,217.20519572010426,90.26202788368263,0.39384872023920536
29.950000000000003,477.87611912075647,30.50324038919989,2.9989705214345,17.748413332226825,53.525272712233914,53.08828668312358,1.484201072808836,20.79431512887677,-58.859236875838256,50.47700965783853,218.29419696157944,91.93953882637224,0.39862436071830004
